vars,creation_time,failed,failed_reason,time_of_death,id,module_id,participant_id,time_started,time_finished,time_aborted,started,finished,aborted,type,participant_group,in_repeat_phase,performance_check,trials_to_repeat,repeat_trial_index,n_completed_trials,block_order,block_position,block,participated_networks,n_participant_trials_in_trial_maker,n_participant_trials_in_block,class,object_type
{},2023-02-16 17:01:17,False,,,6,headphone_test,2,2023-02-16 17:01:17,2023-02-16 17:02:11,,True,True,False,ChainTrialMakerState,default,False,"{'score': None, 'passed': True}",,,6,['default'],0,default,"[4, 1, 2, 6, 3, 5]",6,6,ChainTrialMakerState,ModuleState
{},2023-02-16 17:01:50,False,,,10,headphone_test,3,2023-02-16 17:01:50,2023-02-16 17:02:41,,True,True,False,ChainTrialMakerState,default,False,"{'score': None, 'passed': True}",,,6,['default'],0,default,"[3, 5, 4, 1, 2, 6]",6,6,ChainTrialMakerState,ModuleState
{},2023-02-16 17:02:23,False,,,11,consonance_main_experiment,2,2023-02-16 17:02:23,2023-02-16 17:07:26,,True,True,False,ChainTrialMakerState,default,True,"{'score': 0.8333333333333334, 'passed': True}","[29, 124, 78, 75]",4.0,54,['default'],0,default,"[8, 43, 27, 18, 33, 52, 21, 48, 25, 20, 7, 44, 56, 47, 13, 11, 26, 31, 15, 40, 12, 23, 29, 28, 51, 9, 46, 19, 10, 42, 36, 35, 50, 22, 14, 30, 41, 49, 53, 16, 17, 45, 55, 32, 54, 24, 34, 37, 38, 39, 7, 37, 22, 50]",54,54,ChainTrialMakerState,ModuleState
{},2023-02-16 17:02:58,False,,,14,consonance_main_experiment,3,2023-02-16 17:02:58,2023-02-16 17:07:31,,True,True,False,ChainTrialMakerState,default,True,"{'score': 0.7071067811865476, 'passed': True}","[20, 106, 36, 136]",4.0,54,['default'],0,default,"[14, 20, 34, 30, 11, 40, 38, 29, 17, 46, 26, 9, 45, 43, 25, 21, 53, 8, 42, 12, 10, 27, 16, 7, 18, 15, 32, 22, 56, 31, 41, 47, 36, 44, 28, 51, 24, 50, 55, 13, 39, 48, 49, 23, 52, 33, 54, 35, 37, 19, 20, 48, 46, 19]",54,54,ChainTrialMakerState,ModuleState
{},2023-02-16 17:05:31,False,,,17,headphone_test,6,2023-02-16 17:05:31,2023-02-16 17:06:07,,True,True,False,ChainTrialMakerState,default,False,"{'score': None, 'passed': True}",,,6,['default'],0,default,"[3, 1, 2, 6, 4, 5]",6,6,ChainTrialMakerState,ModuleState
{},2023-02-16 17:06:08,False,,,20,headphone_test,7,2023-02-16 17:06:08,2023-02-16 17:06:57,,True,True,False,ChainTrialMakerState,default,False,"{'score': None, 'passed': True}",,,6,['default'],0,default,"[5, 3, 6, 4, 2, 1]",6,6,ChainTrialMakerState,ModuleState
{},2023-02-16 17:06:20,False,,,21,consonance_main_experiment,6,2023-02-16 17:06:20,2023-02-16 17:10:36,,True,True,False,ChainTrialMakerState,default,True,"{'score': -0.5, 'passed': True}","[198, 186, 102, 179]",4.0,54,['default'],0,default,"[23, 8, 43, 25, 41, 37, 45, 9, 46, 52, 13, 30, 51, 27, 44, 18, 16, 17, 14, 35, 15, 54, 21, 31, 48, 20, 50, 29, 19, 53, 47, 32, 28, 10, 11, 49, 38, 24, 12, 34, 7, 39, 26, 33, 22, 56, 42, 36, 55, 40, 12, 32, 23, 29]",54,54,ChainTrialMakerState,ModuleState
{},2023-02-16 17:07:03,False,,,22,consonance_main_experiment,7,2023-02-16 17:07:03,,,True,False,False,ChainTrialMakerState,default,True,"{'score': None, 'passed': False}","[227, 231, 205, 190]",4.0,54,['default'],0,default,"[23, 16, 28, 48, 9, 35, 7, 34, 43, 25, 22, 21, 55, 17, 42, 47, 29, 49, 8, 19, 37, 30, 15, 38, 11, 39, 27, 44, 20, 56, 51, 24, 26, 10, 40, 52, 31, 46, 36, 41, 50, 45, 12, 18, 33, 54, 13, 32, 14, 53, 12, 33, 24, 38]",54,54,ChainTrialMakerState,ModuleState
{},2023-02-16 17:11:19,False,,,28,headphone_test,8,2023-02-16 17:11:19,2023-02-16 17:11:52,,True,True,False,ChainTrialMakerState,default,False,"{'score': None, 'passed': True}",,,6,['default'],0,default,"[2, 3, 4, 5, 6, 1]",6,6,ChainTrialMakerState,ModuleState
{},2023-02-16 17:12:09,False,,,31,consonance_main_experiment,8,2023-02-16 17:12:09,2023-02-16 17:15:52,,True,True,False,ChainTrialMakerState,default,True,"{'score': 0.2581988897471611, 'passed': True}","[286, 247, 257, 258]",4.0,54,['default'],0,default,"[28, 10, 20, 40, 43, 36, 9, 44, 31, 50, 19, 12, 8, 47, 41, 7, 56, 11, 32, 35, 15, 33, 25, 55, 52, 17, 13, 34, 30, 53, 24, 29, 21, 26, 18, 54, 42, 45, 27, 23, 22, 49, 48, 46, 39, 14, 37, 38, 16, 51, 34, 28, 50, 19]",54,54,ChainTrialMakerState,ModuleState
{},2023-02-16 17:12:39,False,,,34,headphone_test,9,2023-02-16 17:12:39,2023-02-16 17:13:46,,True,True,False,ChainTrialMakerState,default,False,"{'score': None, 'passed': True}",,,6,['default'],0,default,"[1, 4, 5, 2, 3, 6]",6,6,ChainTrialMakerState,ModuleState
{},2023-02-16 17:13:50,False,,,37,headphone_test,11,2023-02-16 17:13:50,2023-02-16 17:14:28,,True,True,False,ChainTrialMakerState,default,False,"{'score': None, 'passed': True}",,,6,['default'],0,default,"[2, 6, 1, 4, 3, 5]",6,6,ChainTrialMakerState,ModuleState
{},2023-02-16 17:13:51,False,,,38,consonance_main_experiment,9,2023-02-16 17:13:51,2023-02-16 17:18:47,,True,True,False,ChainTrialMakerState,default,True,"{'score': 0.6324555320336759, 'passed': True}","[278, 348, 374, 304]",4.0,54,['default'],0,default,"[46, 39, 55, 26, 37, 52, 16, 17, 50, 24, 32, 38, 14, 31, 13, 11, 42, 34, 47, 7, 15, 51, 27, 45, 12, 20, 30, 43, 33, 49, 23, 53, 22, 28, 18, 35, 8, 44, 25, 10, 36, 21, 19, 41, 54, 29, 48, 9, 40, 56, 46, 15, 43, 50]",54,54,ChainTrialMakerState,ModuleState
{},2023-02-16 17:14:40,False,,,41,headphone_test,13,2023-02-16 17:14:40,2023-02-16 17:15:35,,True,True,False,ChainTrialMakerState,default,False,"{'score': None, 'passed': True}",,,6,['default'],0,default,"[2, 6, 3, 5, 4, 1]",6,6,ChainTrialMakerState,ModuleState
{},2023-02-16 17:14:43,False,,,42,consonance_main_experiment,11,2023-02-16 17:14:43,2023-02-16 17:19:29,,True,True,False,ChainTrialMakerState,default,True,"{'score': 0.0, 'passed': True}","[445, 391, 417, 454]",4.0,54,['default'],0,default,"[52, 23, 40, 31, 29, 14, 56, 24, 17, 33, 9, 26, 34, 28, 19, 15, 51, 38, 25, 42, 30, 21, 49, 53, 54, 22, 48, 11, 50, 12, 41, 35, 55, 32, 43, 44, 45, 8, 47, 46, 10, 13, 16, 27, 20, 7, 37, 18, 39, 36, 46, 49, 35, 16]",54,54,ChainTrialMakerState,ModuleState
{},2023-02-16 17:15:40,False,,,45,consonance_main_experiment,13,2023-02-16 17:15:40,,,True,False,False,ChainTrialMakerState,default,True,"{'score': None, 'passed': False}","[401, 409, 429, 443]",4.0,54,['default'],0,default,"[31, 50, 17, 23, 9, 33, 35, 12, 55, 21, 15, 32, 49, 16, 13, 14, 41, 45, 42, 22, 19, 53, 56, 7, 10, 8, 24, 36, 51, 34, 18, 44, 20, 52, 29, 47, 40, 39, 28, 37, 46, 43, 26, 11, 30, 25, 48, 38, 54, 27, 53, 10, 20, 28]",54,54,ChainTrialMakerState,ModuleState
{},2023-02-16 17:19:40,False,,,51,headphone_test,15,2023-02-16 17:19:40,2023-02-16 17:20:17,,True,True,False,ChainTrialMakerState,default,False,"{'score': None, 'passed': True}",,,6,['default'],0,default,"[6, 4, 5, 3, 1, 2]",6,6,ChainTrialMakerState,ModuleState
{},2023-02-16 17:20:26,False,,,54,consonance_main_experiment,15,2023-02-16 17:20:26,,,True,False,False,ChainTrialMakerState,default,True,"{'score': None, 'passed': False}","[503, 527, 510, 505]",4.0,54,['default'],0,default,"[28, 24, 27, 46, 43, 21, 38, 37, 41, 15, 7, 18, 51, 48, 55, 8, 44, 47, 32, 33, 56, 23, 9, 30, 14, 36, 31, 29, 20, 10, 25, 42, 35, 54, 52, 53, 50, 17, 16, 13, 40, 34, 19, 26, 22, 49, 11, 12, 45, 39, 48, 29, 47, 55]",54,54,ChainTrialMakerState,ModuleState
{},2023-02-16 17:21:07,False,,,56,headphone_test,17,2023-02-16 17:21:07,2023-02-16 17:21:47,,True,True,False,ChainTrialMakerState,default,False,"{'score': None, 'passed': True}",,,6,['default'],0,default,"[3, 1, 5, 2, 4, 6]",6,6,ChainTrialMakerState,ModuleState
{},2023-02-16 17:22:04,False,,,58,consonance_main_experiment,17,2023-02-16 17:22:04,2023-02-16 17:26:12,,True,True,False,ChainTrialMakerState,default,True,"{'score': 0.7745966692414834, 'passed': True}","[516, 566, 547, 591]",4.0,54,['default'],0,default,"[51, 32, 31, 47, 29, 52, 35, 23, 50, 30, 14, 20, 22, 53, 13, 27, 7, 54, 11, 18, 48, 40, 36, 17, 45, 56, 12, 19, 26, 9, 37, 34, 8, 15, 39, 38, 24, 46, 41, 10, 21, 55, 42, 49, 33, 16, 43, 25, 28, 44, 32, 26, 11, 33]",54,54,ChainTrialMakerState,ModuleState
{},2023-02-16 17:25:41,False,,,63,headphone_test,19,2023-02-16 17:25:41,2023-02-16 17:26:20,,True,True,False,ChainTrialMakerState,default,False,"{'score': None, 'passed': True}",,,6,['default'],0,default,"[6, 2, 3, 4, 5, 1]",6,6,ChainTrialMakerState,ModuleState
{},2023-02-16 17:26:42,False,,,67,headphone_test,20,2023-02-16 17:26:42,2023-02-16 17:27:20,,True,True,False,ChainTrialMakerState,default,False,"{'score': None, 'passed': True}",,,6,['default'],0,default,"[6, 1, 2, 3, 4, 5]",6,6,ChainTrialMakerState,ModuleState
{},2023-02-16 17:26:54,False,,,68,consonance_main_experiment,19,2023-02-16 17:26:54,2023-02-16 17:31:08,,True,True,False,ChainTrialMakerState,default,True,"{'score': 1.0, 'passed': True}","[700, 699, 620, 619]",4.0,54,['default'],0,default,"[28, 20, 19, 33, 42, 36, 35, 49, 21, 43, 32, 16, 8, 12, 11, 40, 47, 18, 23, 46, 53, 48, 52, 9, 17, 10, 27, 34, 14, 26, 37, 7, 25, 51, 22, 30, 54, 50, 44, 13, 15, 41, 38, 56, 45, 55, 31, 29, 39, 24, 39, 29, 49, 35]",54,54,ChainTrialMakerState,ModuleState
{},2023-02-16 17:27:38,False,,,70,consonance_main_experiment,20,2023-02-16 17:27:38,2023-02-16 17:31:52,,True,True,False,ChainTrialMakerState,default,True,"{'score': 0.7071067811865476, 'passed': True}","[698, 688, 642, 694]",4.0,54,['default'],0,default,"[10, 48, 31, 33, 45, 53, 25, 15, 34, 17, 13, 14, 44, 8, 43, 19, 11, 47, 23, 42, 41, 56, 7, 39, 49, 54, 24, 29, 21, 35, 40, 51, 26, 55, 38, 12, 18, 37, 50, 22, 16, 36, 28, 52, 46, 27, 20, 30, 9, 32, 50, 55, 13, 18]",54,54,ChainTrialMakerState,ModuleState
{},2023-02-16 17:36:11,False,,,82,headphone_test,26,2023-02-16 17:36:11,2023-02-16 17:36:57,,True,True,False,ChainTrialMakerState,default,False,"{'score': None, 'passed': True}",,,6,['default'],0,default,"[4, 1, 2, 5, 6, 3]",6,6,ChainTrialMakerState,ModuleState
{},2023-02-16 17:37:06,False,,,84,headphone_test,25,2023-02-16 17:37:06,2023-02-16 17:37:49,,True,True,False,ChainTrialMakerState,default,False,"{'score': None, 'passed': True}",,,6,['default'],0,default,"[4, 1, 3, 2, 6, 5]",6,6,ChainTrialMakerState,ModuleState
{},2023-02-16 17:37:12,False,,,85,consonance_main_experiment,26,2023-02-16 17:37:12,2023-02-16 17:41:05,,True,True,False,ChainTrialMakerState,default,True,"{'score': 0.7071067811865476, 'passed': True}","[803, 777, 742, 743]",4.0,54,['default'],0,default,"[27, 17, 7, 44, 19, 8, 21, 14, 29, 24, 39, 20, 9, 15, 49, 28, 33, 23, 35, 32, 12, 53, 10, 54, 50, 51, 55, 48, 52, 36, 46, 25, 37, 40, 45, 31, 41, 56, 26, 18, 13, 11, 42, 16, 22, 30, 38, 47, 34, 43, 13, 48, 24, 39]",54,54,ChainTrialMakerState,ModuleState
{},2023-02-16 17:38:05,False,,,87,consonance_main_experiment,25,2023-02-16 17:38:05,2023-02-16 17:41:49,,True,True,False,ChainTrialMakerState,default,True,"{'score': 0.7745966692414834, 'passed': True}","[790, 812, 747, 778]",4.0,54,['default'],0,default,"[35, 39, 32, 9, 54, 56, 17, 29, 19, 22, 33, 31, 13, 20, 34, 53, 50, 27, 26, 14, 51, 41, 44, 8, 23, 37, 52, 40, 47, 21, 16, 49, 55, 45, 46, 48, 38, 36, 28, 7, 42, 18, 10, 43, 11, 25, 12, 24, 30, 15, 8, 46, 39, 27]",54,54,ChainTrialMakerState,ModuleState
{},2023-02-16 17:45:42,False,,,97,headphone_test,29,2023-02-16 17:45:42,2023-02-16 17:46:30,,True,True,False,ChainTrialMakerState,default,False,"{'score': None, 'passed': True}",,,6,['default'],0,default,"[3, 4, 5, 1, 2, 6]",6,6,ChainTrialMakerState,ModuleState
{},2023-02-16 17:46:25,False,,,99,headphone_test,27,2023-02-16 17:46:25,2023-02-16 17:47:19,,True,True,False,ChainTrialMakerState,default,False,"{'score': None, 'passed': True}",,,6,['default'],0,default,"[6, 4, 1, 2, 5, 3]",6,6,ChainTrialMakerState,ModuleState
{},2023-02-16 17:46:47,False,,,101,consonance_main_experiment,29,2023-02-16 17:46:47,2023-02-16 17:52:29,,True,True,False,ChainTrialMakerState,default,True,"{'score': 0.5, 'passed': True}","[955, 853, 911, 861]",4.0,54,['default'],0,default,"[35, 22, 17, 20, 15, 29, 28, 54, 11, 47, 34, 37, 12, 43, 40, 41, 42, 33, 36, 9, 52, 25, 53, 13, 10, 27, 19, 49, 51, 31, 23, 38, 8, 18, 32, 44, 26, 45, 56, 24, 7, 21, 16, 46, 14, 39, 48, 55, 50, 30, 50, 17, 51, 54]",54,54,ChainTrialMakerState,ModuleState
{},2023-02-16 17:47:29,False,,,103,consonance_main_experiment,27,2023-02-16 17:47:29,2023-02-16 17:51:39,,True,True,False,ChainTrialMakerState,default,True,"{'score': 0.6324555320336759, 'passed': True}","[892, 872, 914, 905]",4.0,54,['default'],0,default,"[38, 53, 22, 47, 46, 44, 36, 33, 52, 37, 8, 34, 19, 7, 24, 29, 32, 54, 28, 45, 10, 9, 55, 12, 16, 30, 42, 21, 48, 23, 49, 11, 31, 26, 41, 25, 13, 18, 43, 17, 14, 39, 56, 20, 35, 15, 50, 51, 40, 27, 28, 36, 11, 42]",54,54,ChainTrialMakerState,ModuleState
{},2023-02-16 17:55:41,False,,,112,headphone_test,33,2023-02-16 17:55:41,2023-02-16 17:56:28,,True,True,False,ChainTrialMakerState,default,False,"{'score': None, 'passed': True}",,,6,['default'],0,default,"[5, 4, 2, 1, 6, 3]",6,6,ChainTrialMakerState,ModuleState
{},2023-02-16 17:56:56,False,,,113,consonance_main_experiment,33,2023-02-16 17:56:56,2023-02-16 18:01:01,,True,True,False,ChainTrialMakerState,default,True,"{'score': 0.31622776601683794, 'passed': True}","[1027, 981, 1011, 989]",4.0,54,['default'],0,default,"[32, 19, 9, 36, 37, 42, 28, 13, 47, 27, 51, 44, 26, 25, 12, 53, 39, 24, 7, 8, 20, 46, 56, 17, 23, 54, 16, 33, 18, 55, 48, 21, 22, 45, 29, 50, 38, 30, 41, 14, 15, 43, 35, 49, 10, 40, 34, 31, 52, 11, 30, 44, 55, 39]",54,54,ChainTrialMakerState,ModuleState
{},2023-02-16 17:57:49,False,,,115,headphone_test,34,2023-02-16 17:57:49,2023-02-16 17:58:22,,True,True,False,ChainTrialMakerState,default,False,"{'score': None, 'passed': True}",,,6,['default'],0,default,"[2, 3, 5, 1, 4, 6]",6,6,ChainTrialMakerState,ModuleState
{},2023-02-16 17:58:44,False,,,116,consonance_main_experiment,34,2023-02-16 17:58:44,2023-02-16 18:02:27,,True,True,False,ChainTrialMakerState,default,True,"{'score': 0.816496580927726, 'passed': True}","[1040, 1000, 1036, 1020]",4.0,54,['default'],0,default,"[35, 15, 46, 52, 55, 7, 19, 44, 40, 53, 36, 32, 24, 18, 10, 38, 42, 20, 45, 26, 51, 37, 47, 54, 50, 17, 28, 49, 43, 48, 16, 25, 9, 31, 14, 22, 11, 34, 39, 41, 12, 56, 8, 23, 27, 30, 13, 21, 29, 33, 54, 52, 37, 18]",54,54,ChainTrialMakerState,ModuleState
{},2023-02-16 18:05:40,False,,,136,headphone_test,42,2023-02-16 18:05:40,2023-02-16 18:06:21,,True,True,False,ChainTrialMakerState,default,False,"{'score': None, 'passed': True}",,,6,['default'],0,default,"[2, 1, 4, 3, 5, 6]",6,6,ChainTrialMakerState,ModuleState
{},2023-02-16 18:05:59,False,,,143,headphone_test,44,2023-02-16 18:05:59,2023-02-16 18:06:50,,True,True,False,ChainTrialMakerState,default,False,"{'score': None, 'passed': True}",,,6,['default'],0,default,"[3, 6, 5, 4, 2, 1]",6,6,ChainTrialMakerState,ModuleState
{},2023-02-16 18:06:11,False,,,150,headphone_test,43,2023-02-16 18:06:11,2023-02-16 18:07:04,,True,True,False,ChainTrialMakerState,default,False,"{'score': None, 'passed': True}",,,6,['default'],0,default,"[6, 1, 2, 4, 3, 5]",6,6,ChainTrialMakerState,ModuleState
{},2023-02-16 18:06:30,False,,,154,headphone_test,37,2023-02-16 18:06:30,2023-02-16 18:07:09,,True,True,False,ChainTrialMakerState,default,False,"{'score': None, 'passed': True}",,,6,['default'],0,default,"[2, 5, 1, 3, 4, 6]",6,6,ChainTrialMakerState,ModuleState
{},2023-02-16 18:06:41,False,,,156,consonance_main_experiment,42,2023-02-16 18:06:41,2023-02-16 18:10:03,,True,True,False,ChainTrialMakerState,default,True,"{'score': 0.8888888888888888, 'passed': True}","[1126, 1144, 1316, 1195]",4.0,54,['default'],0,default,"[19, 54, 18, 39, 53, 17, 21, 47, 42, 27, 38, 52, 11, 12, 28, 9, 35, 20, 26, 34, 46, 55, 44, 16, 50, 36, 7, 13, 33, 14, 56, 37, 41, 22, 15, 25, 49, 30, 10, 40, 24, 43, 51, 31, 23, 8, 32, 48, 45, 29, 38, 9, 45, 50]",54,54,ChainTrialMakerState,ModuleState
{},2023-02-16 18:06:41,False,,,157,headphone_test,39,2023-02-16 18:06:41,2023-02-16 18:07:20,,True,True,False,ChainTrialMakerState,default,False,"{'score': None, 'passed': True}",,,6,['default'],0,default,"[1, 3, 5, 6, 2, 4]",6,6,ChainTrialMakerState,ModuleState
{},2023-02-16 18:06:56,False,,,159,consonance_main_experiment,44,2023-02-16 18:06:56,2023-02-16 18:11:29,,True,True,False,ChainTrialMakerState,default,True,"{'score': 0.5, 'passed': True}","[1306, 1121, 1262, 1160]",4.0,54,['default'],0,default,"[54, 30, 49, 53, 43, 44, 33, 23, 52, 48, 7, 10, 41, 42, 20, 24, 40, 45, 37, 8, 28, 18, 25, 22, 17, 39, 27, 38, 55, 19, 26, 50, 31, 32, 13, 15, 16, 9, 47, 11, 34, 21, 51, 29, 14, 36, 12, 35, 56, 46, 50, 49, 39, 48]",54,54,ChainTrialMakerState,ModuleState
{},2023-02-16 18:07:14,False,,,164,consonance_main_experiment,43,2023-02-16 18:07:14,2023-02-16 18:12:19,,True,True,False,ChainTrialMakerState,default,True,"{'score': 0.816496580927726, 'passed': True}","[1442, 1278, 1466, 1138]",4.0,54,['default'],0,default,"[51, 28, 56, 42, 40, 20, 23, 29, 50, 41, 32, 45, 44, 11, 14, 37, 13, 9, 16, 27, 12, 54, 18, 7, 25, 19, 21, 55, 35, 38, 39, 10, 15, 52, 31, 46, 48, 8, 47, 17, 36, 33, 26, 34, 30, 49, 24, 43, 53, 22, 33, 18, 30, 42]",54,54,ChainTrialMakerState,ModuleState
{},2023-02-16 18:07:20,False,,,166,consonance_main_experiment,37,2023-02-16 18:07:20,2023-02-16 18:11:10,,True,True,False,ChainTrialMakerState,default,True,"{'score': 0.0, 'passed': True}","[1191, 1150, 1140, 1251]",4.0,54,['default'],0,default,"[9, 20, 11, 14, 35, 41, 29, 53, 50, 32, 55, 31, 49, 15, 38, 25, 27, 39, 46, 51, 44, 22, 17, 8, 26, 33, 36, 42, 23, 12, 10, 16, 52, 34, 21, 24, 19, 28, 48, 37, 54, 47, 7, 30, 56, 40, 18, 45, 13, 43, 15, 41, 14, 8]",54,54,ChainTrialMakerState,ModuleState
{},2023-02-16 18:07:30,False,,,168,consonance_main_experiment,39,2023-02-16 18:07:30,2023-02-16 18:11:39,,True,True,False,ChainTrialMakerState,default,True,"{'score': 0.5773502691896258, 'passed': True}","[1283, 1134, 1322, 1376]",4.0,54,['default'],0,default,"[29, 32, 31, 9, 54, 18, 52, 7, 17, 34, 38, 8, 45, 40, 48, 20, 22, 46, 35, 27, 44, 47, 13, 33, 28, 26, 14, 36, 56, 51, 43, 23, 10, 24, 37, 55, 19, 30, 41, 16, 53, 42, 50, 39, 21, 12, 15, 49, 25, 11, 28, 29, 51, 30]",54,54,ChainTrialMakerState,ModuleState
{},2023-02-16 18:07:34,False,,,170,headphone_test,48,2023-02-16 18:07:34,2023-02-16 18:08:25,,True,True,False,ChainTrialMakerState,default,False,"{'score': None, 'passed': True}",,,6,['default'],0,default,"[1, 5, 2, 6, 4, 3]",6,6,ChainTrialMakerState,ModuleState
{},2023-02-16 18:08:07,False,,,178,headphone_test,51,2023-02-16 18:08:07,2023-02-16 18:08:50,,True,True,False,ChainTrialMakerState,default,False,"{'score': None, 'passed': True}",,,6,['default'],0,default,"[4, 3, 5, 1, 2, 6]",6,6,ChainTrialMakerState,ModuleState
{},2023-02-16 18:08:36,False,,,181,consonance_main_experiment,48,2023-02-16 18:08:36,2023-02-16 18:13:17,,True,True,False,ChainTrialMakerState,default,True,"{'score': -0.3333333333333333, 'passed': True}","[1310, 1394, 1353, 1560]",4.0,54,['default'],0,default,"[22, 14, 23, 28, 17, 51, 40, 37, 15, 21, 36, 29, 20, 16, 43, 34, 48, 18, 53, 39, 55, 47, 52, 8, 35, 19, 10, 25, 26, 31, 30, 11, 50, 12, 49, 9, 24, 33, 44, 13, 38, 41, 54, 56, 45, 27, 46, 7, 42, 32, 29, 52, 48, 46]",54,54,ChainTrialMakerState,ModuleState
{},2023-02-16 18:08:46,False,,,183,headphone_test,61,2023-02-16 18:08:46,2023-02-16 18:09:53,,True,True,False,ChainTrialMakerState,default,False,"{'score': None, 'passed': True}",,,6,['default'],0,default,"[6, 3, 2, 1, 4, 5]",6,6,ChainTrialMakerState,ModuleState
{},2023-02-16 18:09:06,False,,,185,consonance_main_experiment,51,2023-02-16 18:09:06,2023-02-16 18:14:01,,True,True,False,ChainTrialMakerState,default,True,"{'score': 0.8888888888888888, 'passed': True}","[1397, 1461, 1272, 1365]",4.0,54,['default'],0,default,"[20, 13, 46, 7, 55, 12, 21, 19, 37, 33, 29, 27, 23, 56, 43, 53, 52, 32, 44, 15, 8, 28, 41, 42, 36, 10, 30, 51, 39, 18, 45, 35, 31, 22, 26, 54, 14, 49, 17, 34, 24, 50, 16, 48, 11, 40, 47, 25, 9, 38, 53, 42, 13, 27]",54,54,ChainTrialMakerState,ModuleState
{},2023-02-16 18:09:59,False,,,194,consonance_main_experiment,61,2023-02-16 18:09:59,2023-02-16 18:15:25,,True,True,False,ChainTrialMakerState,default,True,"{'score': 0.0, 'passed': True}","[1629, 1478, 1579, 1568]",4.0,54,['default'],0,default,"[36, 29, 8, 48, 51, 14, 25, 13, 23, 38, 37, 15, 47, 33, 28, 17, 39, 52, 18, 45, 11, 43, 7, 55, 24, 49, 16, 34, 12, 9, 53, 22, 50, 42, 26, 41, 20, 40, 10, 31, 27, 54, 30, 32, 56, 35, 19, 21, 44, 46, 20, 17, 12, 16]",54,54,ChainTrialMakerState,ModuleState
{},2023-02-16 18:10:18,False,,,197,headphone_test,64,2023-02-16 18:10:18,2023-02-16 18:10:56,,True,True,False,ChainTrialMakerState,default,False,"{'score': None, 'passed': True}",,,6,['default'],0,default,"[2, 3, 1, 6, 4, 5]",6,6,ChainTrialMakerState,ModuleState
{},2023-02-16 18:11:03,False,,,202,headphone_test,70,2023-02-16 18:11:03,2023-02-16 18:11:49,,True,True,False,ChainTrialMakerState,default,False,"{'score': None, 'passed': True}",,,6,['default'],0,default,"[6, 4, 1, 3, 5, 2]",6,6,ChainTrialMakerState,ModuleState
{},2023-02-16 18:11:04,False,,,203,consonance_main_experiment,64,2023-02-16 18:11:04,2023-02-16 18:15:00,,True,True,False,ChainTrialMakerState,default,True,"{'score': 0.9486832980505138, 'passed': True}","[1628, 1668, 1693, 1562]",4.0,54,['default'],0,default,"[17, 31, 24, 26, 18, 33, 52, 16, 34, 9, 29, 35, 53, 27, 8, 46, 10, 44, 7, 36, 43, 11, 42, 19, 28, 15, 38, 14, 56, 25, 32, 48, 20, 47, 22, 37, 54, 30, 50, 45, 13, 55, 12, 39, 49, 21, 41, 51, 40, 23, 20, 45, 49, 43]",54,54,ChainTrialMakerState,ModuleState
{},2023-02-16 18:11:53,False,,,208,headphone_test,66,2023-02-16 18:11:53,2023-02-16 18:12:51,,True,True,False,ChainTrialMakerState,default,False,"{'score': None, 'passed': True}",,,6,['default'],0,default,"[4, 5, 6, 3, 1, 2]",6,6,ChainTrialMakerState,ModuleState
{},2023-02-16 18:11:58,False,,,210,headphone_test,67,2023-02-16 18:11:58,2023-02-16 18:12:35,,True,True,False,ChainTrialMakerState,default,False,"{'score': None, 'passed': True}",,,6,['default'],0,default,"[3, 2, 1, 6, 4, 5]",6,6,ChainTrialMakerState,ModuleState
{},2023-02-16 18:11:59,False,,,211,consonance_main_experiment,70,2023-02-16 18:11:59,2023-02-16 18:16:53,,True,True,False,ChainTrialMakerState,default,True,"{'score': 0.8333333333333334, 'passed': True}","[1843, 1595, 1725, 1638]",4.0,54,['default'],0,default,"[32, 23, 31, 56, 37, 12, 41, 42, 45, 52, 28, 18, 36, 11, 54, 13, 25, 33, 22, 53, 10, 51, 16, 24, 43, 8, 39, 15, 17, 34, 49, 20, 7, 19, 50, 46, 27, 9, 14, 26, 40, 30, 44, 48, 29, 21, 55, 35, 38, 47, 38, 36, 20, 22]",54,54,ChainTrialMakerState,ModuleState
{},2023-02-16 18:12:27,False,,,213,headphone_test,69,2023-02-16 18:12:27,2023-02-16 18:13:32,,True,True,False,ChainTrialMakerState,default,False,"{'score': None, 'passed': True}",,,6,['default'],0,default,"[1, 2, 6, 3, 4, 5]",6,6,ChainTrialMakerState,ModuleState
{},2023-02-16 18:12:57,False,,,216,consonance_main_experiment,67,2023-02-16 18:12:57,2023-02-16 18:16:59,,True,True,False,ChainTrialMakerState,default,True,"{'score': 0.5773502691896258, 'passed': True}","[1776, 1696, 1847, 1811]",4.0,54,['default'],0,default,"[13, 17, 14, 27, 43, 24, 46, 53, 26, 25, 29, 15, 47, 45, 19, 54, 22, 55, 9, 52, 38, 21, 51, 10, 33, 40, 48, 39, 44, 49, 18, 42, 16, 36, 30, 37, 50, 12, 41, 28, 20, 7, 8, 34, 56, 11, 23, 32, 35, 31, 16, 9, 23, 28]",54,54,ChainTrialMakerState,ModuleState
{},2023-02-16 18:13:02,False,,,217,consonance_main_experiment,66,2023-02-16 18:13:02,,,True,False,False,ChainTrialMakerState,default,True,"{'score': None, 'passed': False}","[1749, 1674, 1618, 1719]",4.0,54,['default'],0,default,"[28, 17, 33, 30, 15, 54, 42, 53, 24, 39, 47, 7, 10, 27, 34, 51, 14, 45, 31, 13, 36, 29, 8, 52, 12, 43, 11, 26, 49, 9, 21, 16, 20, 48, 23, 41, 18, 35, 19, 25, 55, 38, 50, 40, 32, 46, 44, 22, 56, 37, 52, 10, 30, 31]",54,54,ChainTrialMakerState,ModuleState
{},2023-02-16 18:13:42,False,,,222,consonance_main_experiment,69,2023-02-16 18:13:42,2023-02-16 18:18:19,,True,True,False,ChainTrialMakerState,default,True,"{'score': 0.5, 'passed': True}","[1924, 1889, 1865, 1818]",4.0,54,['default'],0,default,"[14, 28, 19, 16, 41, 51, 24, 35, 25, 49, 10, 45, 44, 8, 21, 46, 23, 56, 11, 53, 29, 43, 12, 26, 54, 39, 27, 20, 22, 32, 9, 48, 13, 52, 47, 36, 18, 30, 40, 15, 17, 37, 34, 42, 50, 55, 38, 7, 31, 33, 50, 40, 47, 20]",54,54,ChainTrialMakerState,ModuleState
{},2023-02-16 18:14:33,False,,,228,headphone_test,72,2023-02-16 18:14:33,2023-02-16 18:15:14,,True,True,False,ChainTrialMakerState,default,False,"{'score': None, 'passed': True}",,,6,['default'],0,default,"[5, 6, 1, 4, 3, 2]",6,6,ChainTrialMakerState,ModuleState
{},2023-02-16 18:14:52,False,,,233,headphone_test,74,2023-02-16 18:14:52,2023-02-16 18:15:39,,True,True,False,ChainTrialMakerState,default,False,"{'score': None, 'passed': True}",,,6,['default'],0,default,"[4, 2, 1, 5, 6, 3]",6,6,ChainTrialMakerState,ModuleState
{},2023-02-16 18:15:06,False,,,234,headphone_test,76,2023-02-16 18:15:06,2023-02-16 18:15:44,,True,True,False,ChainTrialMakerState,default,False,"{'score': None, 'passed': True}",,,6,['default'],0,default,"[3, 1, 5, 6, 4, 2]",6,6,ChainTrialMakerState,ModuleState
{},2023-02-16 18:15:26,False,,,237,consonance_main_experiment,72,2023-02-16 18:15:26,2023-02-16 18:19:49,,True,True,False,ChainTrialMakerState,default,True,"{'score': 0.7745966692414834, 'passed': True}","[1918, 2043, 1826, 1936]",4.0,54,['default'],0,default,"[33, 12, 34, 26, 46, 52, 53, 10, 43, 17, 16, 18, 27, 13, 50, 56, 54, 32, 45, 39, 37, 41, 22, 48, 19, 29, 47, 9, 25, 35, 40, 15, 44, 24, 49, 21, 20, 7, 11, 38, 8, 23, 51, 36, 30, 14, 42, 31, 55, 28, 19, 55, 43, 9]",54,54,ChainTrialMakerState,ModuleState
{},2023-02-16 18:15:57,False,,,241,consonance_main_experiment,76,2023-02-16 18:15:57,2023-02-16 18:19:43,,True,True,False,ChainTrialMakerState,default,True,"{'score': 0.5443310539518174, 'passed': True}","[1986, 1982, 1950, 2038]",4.0,54,['default'],0,default,"[47, 41, 45, 37, 35, 29, 55, 12, 9, 36, 8, 49, 31, 23, 17, 34, 21, 22, 10, 38, 28, 14, 18, 20, 39, 52, 48, 50, 16, 19, 27, 25, 30, 15, 51, 26, 40, 13, 42, 11, 54, 32, 7, 24, 43, 56, 44, 46, 33, 53, 40, 51, 48, 33]",54,54,ChainTrialMakerState,ModuleState
{},2023-02-16 18:16:24,False,,,244,consonance_main_experiment,74,2023-02-16 18:16:24,2023-02-16 18:22:22,,True,True,False,ChainTrialMakerState,default,True,"{'score': 0.816496580927726, 'passed': True}","[2077, 2020, 2001, 2081]",4.0,54,['default'],0,default,"[15, 12, 48, 55, 13, 20, 34, 10, 30, 31, 9, 53, 27, 8, 49, 50, 52, 38, 44, 37, 40, 51, 19, 33, 24, 25, 7, 11, 18, 42, 47, 56, 35, 36, 32, 46, 45, 29, 39, 16, 28, 43, 17, 41, 21, 22, 26, 14, 23, 54, 11, 38, 49, 18]",54,54,ChainTrialMakerState,ModuleState
{},2023-02-16 18:16:59,False,,,249,headphone_test,71,2023-02-16 18:16:59,2023-02-16 18:17:34,,True,True,False,ChainTrialMakerState,default,False,"{'score': None, 'passed': True}",,,6,['default'],0,default,"[2, 1, 4, 3, 6, 5]",6,6,ChainTrialMakerState,ModuleState
{},2023-02-16 18:17:19,False,,,252,headphone_test,80,2023-02-16 18:17:19,2023-02-16 18:17:59,,True,True,False,ChainTrialMakerState,default,False,"{'score': None, 'passed': True}",,,6,['default'],0,default,"[3, 5, 6, 1, 4, 2]",6,6,ChainTrialMakerState,ModuleState
{},2023-02-16 18:17:39,False,,,255,headphone_test,79,2023-02-16 18:17:39,2023-02-16 18:18:18,,True,True,False,ChainTrialMakerState,default,False,"{'score': None, 'passed': True}",,,6,['default'],0,default,"[4, 2, 5, 1, 3, 6]",6,6,ChainTrialMakerState,ModuleState
{},2023-02-16 18:18:10,False,,,256,consonance_main_experiment,80,2023-02-16 18:18:10,2023-02-16 18:22:05,,True,True,False,ChainTrialMakerState,default,True,"{'score': 0.31622776601683794, 'passed': True}","[2017, 1972, 2022, 2071]",4.0,54,['default'],0,default,"[19, 22, 44, 11, 23, 46, 49, 42, 39, 52, 29, 37, 54, 27, 10, 51, 18, 45, 16, 8, 26, 13, 14, 47, 33, 53, 56, 30, 34, 38, 48, 43, 7, 15, 36, 41, 25, 50, 24, 17, 55, 20, 31, 21, 12, 28, 32, 35, 40, 9, 29, 19, 37, 13]",54,54,ChainTrialMakerState,ModuleState
{},2023-02-16 18:18:32,False,,,257,consonance_main_experiment,79,2023-02-16 18:18:32,2023-02-16 18:22:56,,True,True,False,ChainTrialMakerState,default,True,"{'score': -1.0, 'passed': True}","[2199, 2118, 2055, 2127]",4.0,54,['default'],0,default,"[47, 15, 33, 8, 34, 40, 19, 21, 52, 44, 36, 27, 12, 26, 29, 32, 54, 10, 22, 37, 17, 53, 25, 18, 55, 41, 49, 20, 35, 38, 24, 7, 31, 28, 45, 43, 42, 30, 11, 14, 23, 39, 50, 46, 13, 16, 56, 48, 51, 9, 16, 55, 36, 49]",54,54,ChainTrialMakerState,ModuleState
{},2023-02-16 18:19:11,False,,,260,consonance_main_experiment,71,2023-02-16 18:19:11,2023-02-16 18:23:08,,True,True,False,ChainTrialMakerState,default,True,"{'score': 0.7745966692414834, 'passed': True}","[2194, 2140, 2112, 2058]",4.0,54,['default'],0,default,"[56, 13, 23, 15, 44, 24, 18, 54, 27, 8, 30, 42, 55, 16, 31, 19, 33, 51, 48, 46, 32, 36, 41, 47, 7, 37, 39, 10, 53, 21, 22, 14, 25, 35, 40, 17, 34, 20, 28, 9, 52, 26, 29, 12, 43, 38, 11, 45, 49, 50, 9, 37, 51, 44]",54,54,ChainTrialMakerState,ModuleState
{},2023-02-16 19:47:00,False,,,279,headphone_test,83,2023-02-16 19:47:00,,,True,False,False,ChainTrialMakerState,default,False,,,,3,['default'],0,default,"[5, 6, 1]",4,4,ChainTrialMakerState,ModuleState
{},2023-02-16 19:47:32,False,,,289,headphone_test,86,2023-02-16 19:47:32,2023-02-16 19:48:17,,True,True,False,ChainTrialMakerState,default,False,"{'score': None, 'passed': True}",,,6,['default'],0,default,"[3, 4, 2, 5, 1, 6]",6,6,ChainTrialMakerState,ModuleState
{},2023-02-16 19:47:40,False,,,293,headphone_test,84,2023-02-16 19:47:40,2023-02-16 19:48:18,,True,True,False,ChainTrialMakerState,default,False,"{'score': None, 'passed': True}",,,6,['default'],0,default,"[2, 4, 6, 5, 3, 1]",6,6,ChainTrialMakerState,ModuleState
{},2023-02-16 19:47:41,False,,,294,headphone_test,94,2023-02-16 19:47:41,2023-02-16 19:48:21,,True,True,False,ChainTrialMakerState,default,False,"{'score': None, 'passed': True}",,,6,['default'],0,default,"[3, 1, 5, 2, 4, 6]",6,6,ChainTrialMakerState,ModuleState
{},2023-02-16 19:47:45,False,,,295,headphone_test,85,2023-02-16 19:47:45,2023-02-16 19:48:20,,True,True,False,ChainTrialMakerState,default,False,"{'score': None, 'passed': True}",,,6,['default'],0,default,"[4, 6, 5, 2, 3, 1]",6,6,ChainTrialMakerState,ModuleState
{},2023-02-16 19:47:50,False,,,297,headphone_test,89,2023-02-16 19:47:50,2023-02-16 19:48:23,,True,True,False,ChainTrialMakerState,default,False,"{'score': None, 'passed': True}",,,6,['default'],0,default,"[6, 1, 5, 2, 4, 3]",6,6,ChainTrialMakerState,ModuleState
{},2023-02-16 19:48:30,False,,,310,consonance_main_experiment,94,2023-02-16 19:48:30,2023-02-16 19:53:03,,True,True,False,ChainTrialMakerState,default,True,"{'score': 1.0, 'passed': True}","[2255, 2444, 2340, 2308]",4.0,54,['default'],0,default,"[34, 17, 35, 42, 53, 54, 10, 50, 12, 18, 14, 40, 15, 36, 28, 21, 25, 37, 31, 48, 46, 9, 11, 30, 41, 44, 49, 20, 32, 39, 19, 38, 13, 22, 29, 51, 43, 45, 8, 23, 47, 56, 7, 33, 27, 52, 24, 16, 26, 55, 34, 20, 25, 14]",54,54,ChainTrialMakerState,ModuleState
{},2023-02-16 19:48:30,False,,,311,consonance_main_experiment,85,2023-02-16 19:48:30,2023-02-16 19:52:27,,True,True,False,ChainTrialMakerState,default,True,"{'score': 0.6324555320336759, 'passed': True}","[2617, 2320, 2475, 2514]",4.0,54,['default'],0,default,"[8, 16, 54, 41, 25, 27, 38, 12, 18, 13, 42, 9, 51, 14, 31, 44, 36, 35, 11, 46, 15, 30, 43, 52, 49, 55, 40, 53, 23, 28, 19, 33, 20, 17, 32, 37, 10, 21, 50, 24, 48, 22, 34, 47, 39, 7, 26, 29, 56, 45, 56, 31, 32, 24]",54,54,ChainTrialMakerState,ModuleState
{},2023-02-16 19:48:35,False,,,313,consonance_main_experiment,89,2023-02-16 19:48:35,,,True,False,False,ChainTrialMakerState,default,True,"{'score': None, 'passed': False}","[2293, 2524, 2602, 2562]",4.0,54,['default'],0,default,"[9, 22, 49, 43, 56, 46, 16, 42, 12, 48, 19, 26, 41, 34, 51, 23, 11, 33, 47, 7, 50, 15, 30, 53, 32, 52, 13, 38, 24, 10, 45, 55, 35, 17, 40, 14, 27, 20, 8, 36, 28, 29, 31, 54, 25, 44, 39, 18, 21, 37, 12, 29, 37, 44]",54,54,ChainTrialMakerState,ModuleState
{},2023-02-16 19:48:36,False,,,314,headphone_test,92,2023-02-16 19:48:36,2023-02-16 19:49:24,,True,True,False,ChainTrialMakerState,default,False,"{'score': None, 'passed': True}",,,6,['default'],0,default,"[3, 2, 4, 6, 5, 1]",6,6,ChainTrialMakerState,ModuleState
{},2023-02-16 19:48:38,False,,,316,consonance_main_experiment,84,2023-02-16 19:48:38,2023-02-16 19:53:18,,True,True,False,ChainTrialMakerState,default,True,"{'score': 0.0, 'passed': True}","[2347, 2387, 2668, 2583]",4.0,54,['default'],0,default,"[50, 26, 29, 56, 9, 47, 55, 36, 11, 20, 16, 12, 39, 38, 41, 22, 28, 54, 19, 48, 27, 53, 37, 42, 30, 17, 13, 18, 10, 15, 31, 7, 43, 32, 35, 14, 8, 23, 44, 24, 34, 45, 52, 21, 33, 46, 25, 51, 40, 49, 41, 19, 21, 23]",54,54,ChainTrialMakerState,ModuleState
{},2023-02-16 19:48:52,False,,,317,headphone_test,102,2023-02-16 19:48:52,2023-02-16 19:49:44,,True,True,False,ChainTrialMakerState,default,False,"{'score': None, 'passed': True}",,,6,['default'],0,default,"[2, 3, 1, 6, 4, 5]",6,6,ChainTrialMakerState,ModuleState
{},2023-02-16 19:48:57,False,,,320,headphone_test,90,2023-02-16 19:48:57,2023-02-16 19:49:37,,True,True,False,ChainTrialMakerState,default,False,"{'score': None, 'passed': True}",,,6,['default'],0,default,"[4, 2, 3, 1, 6, 5]",6,6,ChainTrialMakerState,ModuleState
{},2023-02-16 19:49:42,False,,,328,consonance_main_experiment,92,2023-02-16 19:49:42,2023-02-16 19:54:01,,True,True,False,ChainTrialMakerState,default,True,"{'score': 0.816496580927726, 'passed': True}","[2709, 2383, 2647, 2510]",4.0,54,['default'],0,default,"[24, 49, 23, 22, 40, 50, 15, 30, 43, 56, 44, 26, 33, 52, 12, 39, 51, 48, 36, 10, 21, 20, 8, 9, 18, 14, 25, 47, 29, 41, 7, 31, 38, 54, 45, 46, 53, 28, 11, 34, 16, 27, 37, 35, 19, 32, 13, 55, 17, 42, 53, 15, 31, 10]",54,54,ChainTrialMakerState,ModuleState
{},2023-02-16 19:49:43,False,,,329,headphone_test,101,2023-02-16 19:49:43,2023-02-16 19:50:27,,True,True,False,ChainTrialMakerState,default,False,"{'score': None, 'passed': True}",,,6,['default'],0,default,"[4, 3, 2, 1, 6, 5]",6,6,ChainTrialMakerState,ModuleState
{},2023-02-16 19:49:55,False,,,331,consonance_main_experiment,90,2023-02-16 19:49:55,2023-02-16 19:54:00,,True,True,False,ChainTrialMakerState,default,True,"{'score': 0.3333333333333333, 'passed': True}","[2413, 2712, 2836, 2570]",4.0,54,['default'],0,default,"[49, 48, 25, 37, 30, 55, 35, 41, 21, 40, 11, 12, 39, 43, 54, 38, 32, 56, 23, 52, 20, 8, 36, 44, 27, 33, 24, 16, 53, 14, 28, 22, 29, 15, 9, 26, 51, 13, 31, 10, 17, 7, 50, 47, 19, 18, 42, 46, 45, 34, 41, 51, 46, 27]",54,54,ChainTrialMakerState,ModuleState
{},2023-02-16 19:49:55,False,,,332,consonance_main_experiment,102,2023-02-16 19:49:55,2023-02-16 19:54:59,,True,True,False,ChainTrialMakerState,default,True,"{'score': 0.21081851067789195, 'passed': True}","[2935, 2420, 2903, 2395]",4.0,54,['default'],0,default,"[24, 31, 14, 25, 12, 39, 11, 43, 9, 37, 36, 20, 55, 44, 13, 56, 16, 48, 19, 47, 18, 51, 49, 53, 8, 29, 21, 41, 54, 45, 46, 26, 52, 33, 34, 7, 38, 27, 17, 28, 32, 40, 22, 15, 10, 23, 42, 30, 35, 50, 40, 37, 17, 11]",54,54,ChainTrialMakerState,ModuleState
{},2023-02-16 19:50:06,False,,,335,consonance_main_experiment,86,2023-02-16 19:50:06,2023-02-16 20:00:10,,True,True,False,ChainTrialMakerState,default,True,"{'score': 0.9428090415820635, 'passed': True}","[2873, 3355, 2408, 3310]",4.0,54,['default'],0,default,"[37, 39, 14, 18, 40, 41, 23, 24, 47, 26, 19, 15, 27, 7, 16, 45, 11, 8, 10, 34, 31, 36, 53, 20, 55, 22, 54, 42, 43, 17, 13, 49, 56, 30, 28, 44, 52, 48, 35, 9, 50, 32, 21, 33, 51, 38, 29, 25, 46, 12, 54, 48, 18, 56]",54,54,ChainTrialMakerState,ModuleState
{},2023-02-16 19:50:13,False,,,336,headphone_test,107,2023-02-16 19:50:13,2023-02-16 19:51:10,,True,True,False,ChainTrialMakerState,default,False,"{'score': None, 'passed': True}",,,6,['default'],0,default,"[3, 2, 6, 4, 1, 5]",6,6,ChainTrialMakerState,ModuleState
{},2023-02-16 19:50:15,False,,,338,headphone_test,109,2023-02-16 19:50:15,2023-02-16 19:50:55,,True,True,False,ChainTrialMakerState,default,False,"{'score': None, 'passed': True}",,,6,['default'],0,default,"[1, 5, 3, 4, 2, 6]",6,6,ChainTrialMakerState,ModuleState
{},2023-02-16 19:50:40,False,,,340,consonance_main_experiment,101,2023-02-16 19:50:40,2023-02-16 19:54:32,,True,True,False,ChainTrialMakerState,default,True,"{'score': 0.6324555320336759, 'passed': True}","[2540, 2448, 2718, 2488]",4.0,54,['default'],0,default,"[34, 9, 23, 47, 51, 8, 46, 11, 53, 48, 26, 30, 15, 38, 7, 21, 14, 52, 16, 22, 49, 55, 31, 12, 43, 32, 25, 28, 42, 54, 17, 33, 10, 35, 41, 56, 13, 39, 36, 18, 20, 45, 24, 27, 37, 19, 40, 44, 50, 29, 30, 9, 28, 8]",54,54,ChainTrialMakerState,ModuleState
{},2023-02-16 19:51:12,False,,,343,consonance_main_experiment,109,2023-02-16 19:51:12,2023-02-16 19:56:37,,True,True,False,ChainTrialMakerState,default,True,"{'score': 0.0, 'passed': True}","[2541, 2627, 2835, 2749]",4.0,54,['default'],0,default,"[43, 21, 19, 31, 52, 28, 18, 44, 7, 36, 40, 29, 45, 53, 22, 13, 39, 26, 48, 30, 35, 47, 50, 42, 56, 9, 23, 46, 27, 15, 34, 41, 54, 55, 37, 11, 38, 12, 14, 33, 24, 10, 32, 49, 20, 51, 16, 25, 17, 8, 19, 18, 35, 53]",54,54,ChainTrialMakerState,ModuleState
{},2023-02-16 19:51:27,False,,,345,headphone_test,104,2023-02-16 19:51:27,2023-02-16 19:52:07,,True,True,False,ChainTrialMakerState,default,False,"{'score': None, 'passed': True}",,,6,['default'],0,default,"[2, 3, 4, 5, 6, 1]",6,6,ChainTrialMakerState,ModuleState
{},2023-02-16 19:51:33,False,,,349,headphone_test,111,2023-02-16 19:51:33,2023-02-16 19:52:12,,True,True,False,ChainTrialMakerState,default,False,"{'score': None, 'passed': True}",,,6,['default'],0,default,"[3, 4, 2, 5, 6, 1]",6,6,ChainTrialMakerState,ModuleState
{},2023-02-16 19:51:39,False,,,351,consonance_main_experiment,107,2023-02-16 19:51:39,2023-02-16 19:55:11,,True,True,False,ChainTrialMakerState,default,True,"{'score': 0.7378647873726218, 'passed': True}","[2923, 2839, 2629, 2766]",4.0,54,['default'],0,default,"[45, 42, 29, 44, 41, 27, 8, 26, 55, 50, 48, 11, 22, 40, 9, 49, 7, 46, 56, 51, 10, 24, 20, 12, 53, 30, 37, 33, 21, 15, 38, 54, 39, 19, 14, 36, 47, 43, 16, 35, 31, 13, 17, 25, 34, 28, 32, 23, 18, 52, 14, 37, 27, 56]",54,54,ChainTrialMakerState,ModuleState
{},2023-02-16 19:51:44,False,,,353,headphone_test,113,2023-02-16 19:51:44,2023-02-16 19:52:33,,True,True,False,ChainTrialMakerState,default,False,"{'score': None, 'passed': True}",,,6,['default'],0,default,"[4, 6, 1, 2, 3, 5]",6,6,ChainTrialMakerState,ModuleState
{},2023-02-16 19:51:56,False,,,355,headphone_test,116,2023-02-16 19:51:56,2023-02-16 19:52:41,,True,True,False,ChainTrialMakerState,default,False,"{'score': None, 'passed': True}",,,6,['default'],0,default,"[6, 2, 3, 4, 5, 1]",6,6,ChainTrialMakerState,ModuleState
{},2023-02-16 19:52:13,False,,,357,headphone_test,114,2023-02-16 19:52:13,2023-02-16 19:52:51,,True,True,False,ChainTrialMakerState,default,False,"{'score': None, 'passed': True}",,,6,['default'],0,default,"[3, 4, 5, 2, 1, 6]",6,6,ChainTrialMakerState,ModuleState
{},2023-02-16 19:52:23,False,,,361,headphone_test,96,2023-02-16 19:52:23,2023-02-16 19:52:57,,True,True,False,ChainTrialMakerState,default,False,"{'score': None, 'passed': True}",,,6,['default'],0,default,"[5, 2, 1, 4, 3, 6]",6,6,ChainTrialMakerState,ModuleState
{},2023-02-16 19:52:23,False,,,362,consonance_main_experiment,111,2023-02-16 19:52:23,2023-02-16 19:57:15,,True,True,False,ChainTrialMakerState,default,True,"{'score': 0.8333333333333334, 'passed': True}","[2996, 2963, 3258, 2975]",4.0,54,['default'],0,default,"[15, 27, 53, 48, 32, 35, 14, 38, 17, 20, 29, 36, 52, 46, 12, 8, 13, 43, 45, 9, 41, 7, 51, 22, 28, 42, 21, 56, 40, 37, 54, 31, 19, 25, 47, 18, 16, 33, 26, 39, 34, 50, 23, 44, 55, 24, 10, 11, 49, 30, 42, 51, 11, 22]",54,54,ChainTrialMakerState,ModuleState
{},2023-02-16 19:52:28,False,,,363,consonance_main_experiment,104,2023-02-16 19:52:28,2023-02-16 19:56:29,,True,True,False,ChainTrialMakerState,default,True,"{'score': 0.31622776601683794, 'passed': True}","[3084, 3116, 3109, 3015]",4.0,54,['default'],0,default,"[24, 28, 54, 56, 40, 25, 52, 33, 39, 9, 45, 49, 16, 41, 46, 26, 51, 38, 22, 36, 55, 44, 32, 21, 43, 37, 12, 17, 53, 18, 50, 31, 20, 11, 23, 15, 34, 14, 13, 8, 27, 35, 7, 47, 30, 42, 10, 19, 48, 29, 15, 8, 13, 53]",54,54,ChainTrialMakerState,ModuleState
{},2023-02-16 19:52:28,False,,,365,headphone_test,117,2023-02-16 19:52:28,2023-02-16 19:53:03,,True,True,False,ChainTrialMakerState,default,False,"{'score': None, 'passed': True}",,,6,['default'],0,default,"[5, 1, 4, 6, 3, 2]",6,6,ChainTrialMakerState,ModuleState
{},2023-02-16 19:52:54,False,,,367,consonance_main_experiment,113,2023-02-16 19:52:54,2023-02-16 19:57:39,,True,True,False,ChainTrialMakerState,default,True,"{'score': 0.816496580927726, 'passed': True}","[3233, 3049, 3243, 2955]",4.0,54,['default'],0,default,"[25, 21, 9, 31, 53, 24, 46, 19, 11, 50, 30, 39, 49, 16, 51, 36, 17, 33, 37, 34, 13, 26, 43, 15, 40, 23, 28, 7, 12, 48, 42, 45, 38, 29, 20, 41, 32, 27, 44, 10, 22, 56, 54, 18, 52, 47, 35, 14, 8, 55, 44, 13, 10, 51]",54,54,ChainTrialMakerState,ModuleState
{},2023-02-16 19:53:04,False,,,368,consonance_main_experiment,114,2023-02-16 19:53:04,2023-02-16 19:57:05,,True,True,False,ChainTrialMakerState,default,True,"{'score': 0.8, 'passed': True}","[2893, 3112, 3181, 2970]",4.0,54,['default'],0,default,"[56, 8, 39, 25, 42, 22, 36, 44, 41, 14, 16, 33, 23, 40, 50, 10, 34, 7, 38, 21, 18, 31, 15, 24, 46, 26, 29, 20, 32, 37, 45, 27, 12, 53, 35, 17, 51, 11, 9, 52, 49, 30, 28, 54, 55, 19, 43, 47, 13, 48, 14, 45, 9, 10]",54,54,ChainTrialMakerState,ModuleState
{},2023-02-16 19:53:12,False,,,369,consonance_main_experiment,96,2023-02-16 19:53:12,2023-02-16 19:56:46,,True,True,False,ChainTrialMakerState,default,True,"{'score': 0.23570226039551587, 'passed': True}","[3217, 3123, 3192, 3107]",4.0,54,['default'],0,default,"[20, 34, 45, 14, 25, 35, 15, 18, 28, 16, 21, 55, 37, 36, 51, 7, 27, 47, 46, 13, 56, 24, 10, 26, 17, 43, 53, 29, 30, 11, 38, 49, 31, 33, 22, 9, 41, 42, 23, 40, 8, 32, 52, 48, 19, 12, 54, 39, 44, 50, 54, 22, 48, 31]",54,54,ChainTrialMakerState,ModuleState
{},2023-02-16 19:53:16,False,,,370,consonance_main_experiment,117,2023-02-16 19:53:16,2023-02-16 19:56:58,,True,True,False,ChainTrialMakerState,default,True,"{'score': 0.816496580927726, 'passed': True}","[3110, 3040, 3210, 3067]",4.0,54,['default'],0,default,"[24, 55, 14, 20, 53, 33, 16, 28, 10, 40, 48, 50, 31, 23, 7, 18, 41, 47, 46, 11, 27, 39, 8, 45, 36, 44, 25, 32, 26, 37, 56, 22, 49, 30, 15, 52, 35, 21, 42, 29, 12, 38, 43, 34, 19, 51, 54, 9, 17, 13, 56, 39, 43, 36]",54,54,ChainTrialMakerState,ModuleState
{},2023-02-16 19:53:17,False,,,371,consonance_main_experiment,116,2023-02-16 19:53:17,2023-02-16 19:58:19,,True,True,False,ChainTrialMakerState,default,True,"{'score': 0.5443310539518174, 'passed': True}","[2883, 3180, 3298, 3324]",4.0,54,['default'],0,default,"[17, 11, 51, 27, 20, 42, 8, 41, 37, 29, 47, 22, 14, 54, 10, 55, 45, 23, 31, 34, 7, 30, 52, 35, 48, 26, 32, 15, 36, 38, 24, 18, 9, 56, 21, 43, 19, 46, 13, 53, 33, 16, 39, 12, 40, 44, 50, 25, 49, 28, 42, 36, 13, 39]",54,54,ChainTrialMakerState,ModuleState
{},2023-02-16 19:54:10,False,,,379,headphone_test,119,2023-02-16 19:54:10,2023-02-16 19:54:50,,True,True,False,ChainTrialMakerState,default,False,"{'score': None, 'passed': True}",,,6,['default'],0,default,"[2, 4, 3, 5, 1, 6]",6,6,ChainTrialMakerState,ModuleState
{},2023-02-16 19:55:06,False,,,384,consonance_main_experiment,119,2023-02-16 19:55:06,2023-02-16 19:59:39,,True,True,False,ChainTrialMakerState,default,True,"{'score': 0.9486832980505138, 'passed': True}","[3358, 3134, 3242, 3117]",4.0,54,['default'],0,default,"[53, 15, 36, 8, 10, 32, 46, 43, 26, 31, 16, 18, 29, 23, 48, 37, 13, 21, 40, 42, 33, 47, 7, 50, 45, 17, 24, 22, 30, 51, 49, 38, 39, 11, 52, 19, 25, 34, 44, 54, 41, 35, 55, 27, 12, 28, 14, 9, 56, 20, 38, 32, 37, 8]",54,54,ChainTrialMakerState,ModuleState
{},2023-02-16 19:55:45,False,,,390,headphone_test,123,2023-02-16 19:55:45,2023-02-16 19:56:57,,True,True,False,ChainTrialMakerState,default,False,"{'score': None, 'passed': True}",,,6,['default'],0,default,"[2, 3, 4, 1, 5, 6]",6,6,ChainTrialMakerState,ModuleState
{},2023-02-16 19:55:47,False,,,391,headphone_test,124,2023-02-16 19:55:47,2023-02-16 19:56:18,,True,True,False,ChainTrialMakerState,default,False,"{'score': None, 'passed': True}",,,6,['default'],0,default,"[2, 3, 4, 5, 6, 1]",6,6,ChainTrialMakerState,ModuleState
{},2023-02-16 19:56:29,False,,,393,consonance_main_experiment,124,2023-02-16 19:56:29,2023-02-16 19:59:51,,True,True,False,ChainTrialMakerState,default,True,"{'score': 0.5, 'passed': True}","[3250, 3416, 3441, 3381]",4.0,54,['default'],0,default,"[44, 7, 10, 39, 53, 23, 45, 38, 28, 56, 48, 29, 18, 19, 51, 12, 52, 55, 22, 41, 27, 17, 36, 16, 47, 34, 35, 40, 21, 11, 15, 31, 33, 20, 49, 8, 13, 26, 37, 30, 42, 14, 9, 24, 46, 50, 32, 54, 43, 25, 44, 37, 43, 35]",54,54,ChainTrialMakerState,ModuleState
{},2023-02-16 19:57:08,False,,,397,consonance_main_experiment,123,2023-02-16 19:57:08,2023-02-16 20:01:56,,True,True,False,ChainTrialMakerState,default,True,"{'score': -0.9428090415820635, 'passed': True}","[3473, 3478, 3316, 3397]",4.0,54,['default'],0,default,"[41, 51, 8, 53, 27, 29, 40, 24, 19, 50, 49, 47, 12, 17, 33, 7, 16, 44, 21, 36, 14, 25, 10, 38, 23, 9, 20, 39, 30, 54, 28, 32, 56, 34, 48, 31, 42, 22, 18, 46, 55, 26, 11, 13, 35, 15, 37, 52, 45, 43, 18, 26, 41, 17]",54,54,ChainTrialMakerState,ModuleState
{},2023-02-16 20:00:03,False,,,421,headphone_test,128,2023-02-16 20:00:03,2023-02-16 20:00:53,,True,True,False,ChainTrialMakerState,default,False,"{'score': None, 'passed': True}",,,6,['default'],0,default,"[2, 3, 4, 5, 1, 6]",6,6,ChainTrialMakerState,ModuleState
{},2023-02-16 20:00:53,False,,,435,headphone_test,125,2023-02-16 20:00:53,2023-02-16 20:01:55,,True,True,False,ChainTrialMakerState,default,False,"{'score': None, 'passed': True}",,,6,['default'],0,default,"[3, 4, 2, 1, 6, 5]",6,6,ChainTrialMakerState,ModuleState
{},2023-02-16 20:01:08,False,,,439,consonance_main_experiment,128,2023-02-16 20:01:08,2023-02-16 20:05:41,,True,True,False,ChainTrialMakerState,default,True,"{'score': 0.5773502691896258, 'passed': True}","[3615, 3758, 3562, 3677]",4.0,54,['default'],0,default,"[9, 48, 49, 38, 25, 55, 47, 31, 10, 14, 16, 52, 44, 33, 41, 26, 17, 45, 19, 21, 51, 54, 53, 37, 23, 18, 8, 22, 42, 29, 11, 30, 35, 13, 27, 28, 56, 43, 20, 36, 24, 7, 39, 50, 46, 40, 15, 34, 12, 32, 35, 34, 53, 36]",54,54,ChainTrialMakerState,ModuleState
{},2023-02-16 20:01:13,False,,,441,headphone_test,130,2023-02-16 20:01:13,2023-02-16 20:01:54,,True,True,False,ChainTrialMakerState,default,False,"{'score': None, 'passed': True}",,,6,['default'],0,default,"[4, 2, 5, 1, 6, 3]",6,6,ChainTrialMakerState,ModuleState
{},2023-02-16 20:01:14,False,,,442,headphone_test,140,2023-02-16 20:01:14,2023-02-16 20:01:57,,True,True,False,ChainTrialMakerState,default,False,"{'score': None, 'passed': True}",,,6,['default'],0,default,"[2, 3, 1, 6, 4, 5]",6,6,ChainTrialMakerState,ModuleState
{},2023-02-16 20:01:39,False,,,443,headphone_test,137,2023-02-16 20:01:39,,,True,False,False,ChainTrialMakerState,default,False,,,,0,['default'],0,default,[],1,1,ChainTrialMakerState,ModuleState
{},2023-02-16 20:02:04,False,,,446,consonance_main_experiment,130,2023-02-16 20:02:04,2023-02-16 20:07:44,,True,True,False,ChainTrialMakerState,default,True,"{'score': 0.7071067811865476, 'passed': True}","[3838, 3671, 3545, 3644]",4.0,54,['default'],0,default,"[22, 48, 46, 11, 38, 15, 14, 50, 26, 54, 34, 43, 31, 21, 40, 47, 9, 52, 10, 36, 20, 37, 25, 28, 51, 55, 33, 7, 56, 18, 32, 49, 42, 27, 53, 35, 41, 39, 17, 13, 12, 19, 30, 44, 16, 45, 8, 23, 29, 24, 44, 56, 14, 51]",54,54,ChainTrialMakerState,ModuleState
{},2023-02-16 20:02:08,False,,,447,consonance_main_experiment,140,2023-02-16 20:02:08,2023-02-16 20:06:49,,True,True,False,ChainTrialMakerState,default,True,"{'score': 0.5, 'passed': True}","[3715, 3857, 3532, 3685]",4.0,54,['default'],0,default,"[18, 17, 56, 37, 12, 22, 39, 38, 11, 54, 42, 30, 15, 14, 35, 23, 49, 48, 33, 32, 9, 20, 26, 47, 28, 41, 21, 10, 46, 50, 36, 19, 27, 53, 51, 44, 52, 45, 25, 29, 13, 43, 40, 24, 34, 16, 55, 31, 8, 7, 19, 24, 56, 46]",54,54,ChainTrialMakerState,ModuleState
{},2023-02-16 20:02:10,False,,,450,consonance_main_experiment,125,2023-02-16 20:02:10,2023-02-16 20:07:00,,True,True,False,ChainTrialMakerState,default,True,"{'score': 0.0, 'passed': True}","[3553, 3648, 3578, 3840]",4.0,54,['default'],0,default,"[32, 53, 7, 31, 45, 40, 37, 18, 33, 14, 42, 43, 12, 19, 10, 49, 23, 20, 28, 25, 36, 8, 39, 50, 26, 30, 11, 15, 44, 17, 38, 21, 22, 41, 46, 16, 34, 51, 55, 56, 35, 48, 29, 9, 27, 47, 24, 13, 52, 54, 40, 23, 18, 51]",54,54,ChainTrialMakerState,ModuleState
{},2023-02-16 20:02:35,False,,,457,headphone_test,139,2023-02-16 20:02:35,2023-02-16 20:03:22,,True,True,False,ChainTrialMakerState,default,False,"{'score': None, 'passed': True}",,,6,['default'],0,default,"[2, 4, 1, 3, 6, 5]",6,6,ChainTrialMakerState,ModuleState
{},2023-02-16 20:02:35,False,,,458,headphone_test,144,2023-02-16 20:02:35,2023-02-16 20:03:15,,True,True,False,ChainTrialMakerState,default,False,"{'score': None, 'passed': True}",,,6,['default'],0,default,"[3, 4, 5, 6, 2, 1]",6,6,ChainTrialMakerState,ModuleState
{},2023-02-16 20:02:56,False,,,461,headphone_test,141,2023-02-16 20:02:56,2023-02-16 20:03:49,,True,True,False,ChainTrialMakerState,default,False,"{'score': None, 'passed': True}",,,6,['default'],0,default,"[3, 5, 2, 4, 6, 1]",6,6,ChainTrialMakerState,ModuleState
{},2023-02-16 20:03:13,False,,,464,headphone_test,145,2023-02-16 20:03:13,2023-02-16 20:03:54,,True,True,False,ChainTrialMakerState,default,False,"{'score': None, 'passed': True}",,,6,['default'],0,default,"[2, 4, 1, 3, 6, 5]",6,6,ChainTrialMakerState,ModuleState
{},2023-02-16 20:03:30,False,,,469,consonance_main_experiment,144,2023-02-16 20:03:30,2023-02-16 20:07:53,,True,True,False,ChainTrialMakerState,default,True,"{'score': 0.4, 'passed': True}","[3646, 3798, 3766, 4014]",4.0,54,['default'],0,default,"[27, 29, 11, 47, 17, 23, 12, 22, 33, 37, 13, 32, 55, 21, 43, 30, 54, 38, 8, 36, 7, 44, 40, 24, 41, 20, 34, 42, 49, 19, 56, 28, 31, 14, 51, 18, 15, 50, 39, 45, 25, 52, 16, 9, 46, 26, 35, 53, 48, 10, 12, 40, 36, 46]",54,54,ChainTrialMakerState,ModuleState
{},2023-02-16 20:03:44,False,,,470,headphone_test,149,2023-02-16 20:03:44,2023-02-16 20:04:27,,True,True,False,ChainTrialMakerState,default,False,"{'score': None, 'passed': True}",,,6,['default'],0,default,"[1, 3, 4, 2, 6, 5]",6,6,ChainTrialMakerState,ModuleState
{},2023-02-16 20:04:00,False,,,473,consonance_main_experiment,139,2023-02-16 20:04:00,2023-02-16 20:08:32,,True,True,False,ChainTrialMakerState,default,True,"{'score': 1.0, 'passed': True}","[3979, 3947, 4001, 4011]",4.0,54,['default'],0,default,"[25, 54, 22, 35, 24, 53, 14, 12, 19, 11, 29, 28, 31, 47, 18, 16, 40, 50, 30, 44, 36, 33, 51, 27, 56, 32, 21, 13, 49, 46, 17, 15, 38, 9, 41, 45, 52, 8, 34, 39, 43, 26, 48, 20, 23, 55, 7, 37, 42, 10, 9, 17, 45, 52]",54,54,ChainTrialMakerState,ModuleState
{},2023-02-16 20:04:16,False,,,476,headphone_test,147,2023-02-16 20:04:16,2023-02-16 20:04:57,,True,True,False,ChainTrialMakerState,default,False,"{'score': None, 'passed': True}",,,6,['default'],0,default,"[5, 2, 3, 1, 4, 6]",6,6,ChainTrialMakerState,ModuleState
{},2023-02-16 20:04:20,False,,,477,headphone_test,150,2023-02-16 20:04:20,2023-02-16 20:04:56,,True,True,False,ChainTrialMakerState,default,False,"{'score': None, 'passed': True}",,,6,['default'],0,default,"[2, 4, 3, 6, 5, 1]",6,6,ChainTrialMakerState,ModuleState
{},2023-02-16 20:04:21,False,,,478,consonance_main_experiment,141,2023-02-16 20:04:21,2023-02-16 20:08:55,,True,True,False,ChainTrialMakerState,default,True,"{'score': 0.3333333333333333, 'passed': True}","[3852, 3738, 4042, 3768]",4.0,54,['default'],0,default,"[20, 7, 35, 30, 37, 40, 13, 25, 8, 36, 26, 38, 14, 31, 41, 49, 10, 16, 54, 39, 28, 46, 47, 51, 17, 52, 18, 21, 15, 53, 19, 56, 50, 42, 55, 11, 24, 22, 45, 12, 43, 48, 44, 23, 34, 33, 27, 32, 9, 29, 41, 40, 42, 25]",54,54,ChainTrialMakerState,ModuleState
{},2023-02-16 20:04:25,False,,,479,consonance_main_experiment,145,2023-02-16 20:04:25,2023-02-16 20:09:20,,True,True,False,ChainTrialMakerState,default,True,"{'score': 0.10540925533894598, 'passed': True}","[3929, 3752, 3820, 3856]",4.0,54,['default'],0,default,"[17, 31, 42, 49, 41, 7, 35, 12, 46, 43, 55, 37, 28, 39, 47, 29, 44, 21, 27, 56, 15, 32, 36, 34, 20, 13, 51, 18, 40, 8, 11, 53, 48, 52, 25, 30, 14, 33, 38, 22, 54, 9, 10, 50, 19, 23, 45, 24, 26, 16, 36, 46, 39, 44]",54,54,ChainTrialMakerState,ModuleState
{},2023-02-16 20:04:43,False,,,480,consonance_main_experiment,149,2023-02-16 20:04:43,2023-02-16 20:08:48,,True,True,False,ChainTrialMakerState,default,True,"{'score': 0.23570226039551587, 'passed': True}","[4004, 3772, 4071, 4019]",4.0,54,['default'],0,default,"[51, 42, 53, 48, 20, 11, 29, 41, 10, 40, 15, 28, 43, 56, 33, 36, 49, 8, 9, 50, 13, 35, 27, 55, 16, 38, 12, 19, 18, 22, 39, 21, 45, 34, 30, 24, 25, 54, 23, 17, 14, 44, 52, 37, 32, 7, 26, 46, 47, 31, 22, 41, 54, 21]",54,54,ChainTrialMakerState,ModuleState
{},2023-02-16 20:05:02,False,,,482,consonance_main_experiment,147,2023-02-16 20:05:02,2023-02-16 20:09:38,,True,True,False,ChainTrialMakerState,default,True,"{'score': 0.2721655269759087, 'passed': True}","[3875, 4166, 4188, 4199]",4.0,54,['default'],0,default,"[25, 50, 46, 40, 30, 55, 27, 54, 48, 44, 52, 41, 26, 11, 9, 7, 12, 51, 34, 29, 19, 31, 23, 18, 33, 22, 38, 14, 21, 35, 10, 36, 47, 49, 16, 20, 43, 42, 39, 32, 17, 13, 37, 28, 45, 56, 24, 15, 53, 8, 52, 32, 37, 45]",54,54,ChainTrialMakerState,ModuleState
{},2023-02-16 20:05:03,False,,,483,consonance_main_experiment,150,2023-02-16 20:05:03,2023-02-16 20:08:43,,True,True,False,ChainTrialMakerState,default,True,"{'score': 0.9428090415820635, 'passed': True}","[3976, 3967, 4097, 3806]",4.0,54,['default'],0,default,"[22, 23, 44, 13, 53, 40, 28, 37, 11, 29, 51, 15, 19, 16, 45, 39, 9, 52, 54, 41, 26, 20, 30, 43, 32, 36, 38, 49, 10, 25, 56, 24, 14, 7, 31, 47, 34, 35, 46, 12, 55, 21, 50, 42, 17, 18, 8, 27, 48, 33, 36, 32, 55, 28]",54,54,ChainTrialMakerState,ModuleState
{},2023-02-16 20:05:15,False,,,485,headphone_test,142,2023-02-16 20:05:15,2023-02-16 20:05:54,,True,True,False,ChainTrialMakerState,default,False,"{'score': None, 'passed': True}",,,6,['default'],0,default,"[2, 3, 4, 6, 5, 1]",6,6,ChainTrialMakerState,ModuleState
{},2023-02-16 20:06:13,False,,,491,consonance_main_experiment,142,2023-02-16 20:06:13,2023-02-16 20:10:21,,True,True,False,ChainTrialMakerState,default,True,"{'score': 0.3333333333333333, 'passed': True}","[4221, 4208, 3897, 4230]",4.0,54,['default'],0,default,"[36, 35, 12, 19, 39, 17, 41, 46, 34, 11, 29, 44, 21, 55, 33, 53, 10, 13, 56, 15, 9, 40, 23, 43, 50, 48, 22, 25, 24, 37, 14, 42, 20, 26, 32, 49, 30, 18, 16, 8, 51, 38, 27, 52, 28, 54, 31, 47, 7, 45, 18, 49, 36, 8]",54,54,ChainTrialMakerState,ModuleState
{},2023-02-16 20:06:18,False,,,492,headphone_test,152,2023-02-16 20:06:18,2023-02-16 20:07:00,,True,True,False,ChainTrialMakerState,default,False,"{'score': None, 'passed': True}",,,6,['default'],0,default,"[4, 3, 2, 1, 6, 5]",6,6,ChainTrialMakerState,ModuleState
{},2023-02-16 20:07:10,False,,,500,consonance_main_experiment,152,2023-02-16 20:07:10,2023-02-16 20:12:16,,True,True,False,ChainTrialMakerState,default,True,"{'score': -0.23570226039551587, 'passed': True}","[4284, 4205, 4165, 4110]",4.0,54,['default'],0,default,"[25, 39, 50, 42, 36, 33, 18, 31, 14, 41, 40, 15, 24, 29, 38, 8, 48, 45, 52, 13, 34, 46, 16, 20, 12, 30, 35, 44, 37, 54, 7, 56, 47, 51, 23, 26, 32, 43, 17, 10, 53, 21, 9, 11, 22, 19, 28, 49, 55, 27, 56, 48, 24, 31]",54,54,ChainTrialMakerState,ModuleState
{},2023-02-16 20:07:30,False,,,503,headphone_test,155,2023-02-16 20:07:30,2023-02-16 20:08:18,,True,True,False,ChainTrialMakerState,default,False,"{'score': None, 'passed': True}",,,6,['default'],0,default,"[2, 3, 4, 1, 6, 5]",6,6,ChainTrialMakerState,ModuleState
{},2023-02-16 20:08:36,False,,,510,consonance_main_experiment,155,2023-02-16 20:08:36,2023-02-16 20:14:10,,True,True,False,ChainTrialMakerState,default,True,"{'score': 1.0, 'passed': True}","[4310, 4290, 4465, 4376]",4.0,54,['default'],0,default,"[24, 50, 13, 41, 18, 11, 54, 32, 25, 23, 38, 22, 46, 56, 47, 12, 15, 8, 44, 49, 36, 43, 26, 33, 28, 30, 20, 7, 37, 52, 21, 9, 39, 10, 19, 55, 16, 14, 40, 42, 29, 48, 53, 27, 31, 45, 34, 35, 17, 51, 49, 12, 17, 9]",54,54,ChainTrialMakerState,ModuleState
{},2023-02-16 20:08:48,False,,,512,headphone_test,156,2023-02-16 20:08:48,2023-02-16 20:09:26,,True,True,False,ChainTrialMakerState,default,False,"{'score': None, 'passed': True}",,,6,['default'],0,default,"[4, 3, 1, 2, 6, 5]",6,6,ChainTrialMakerState,ModuleState
{},2023-02-16 20:08:50,False,,,513,headphone_test,151,2023-02-16 20:08:50,,,True,False,False,ChainTrialMakerState,default,False,,,,2,['default'],0,default,"[2, 3]",3,3,ChainTrialMakerState,ModuleState
{},2023-02-16 20:08:58,False,,,516,headphone_test,161,2023-02-16 20:08:58,2023-02-16 20:09:40,,True,True,False,ChainTrialMakerState,default,False,"{'score': None, 'passed': True}",,,6,['default'],0,default,"[3, 4, 6, 5, 2, 1]",6,6,ChainTrialMakerState,ModuleState
{},2023-02-16 20:09:05,False,,,517,headphone_test,159,2023-02-16 20:09:05,2023-02-16 20:09:55,,True,True,False,ChainTrialMakerState,default,False,"{'score': None, 'passed': True}",,,6,['default'],0,default,"[3, 6, 1, 4, 5, 2]",6,6,ChainTrialMakerState,ModuleState
{},2023-02-16 20:09:48,False,,,521,consonance_main_experiment,156,2023-02-16 20:09:48,2023-02-16 20:16:53,,True,True,False,ChainTrialMakerState,default,True,"{'score': 1.0, 'passed': True}","[4540, 4562, 4379, 4551]",4.0,54,['default'],0,default,"[34, 24, 43, 31, 45, 17, 32, 20, 11, 14, 44, 48, 27, 39, 41, 19, 49, 46, 9, 51, 21, 35, 29, 54, 13, 33, 30, 26, 18, 55, 53, 50, 16, 52, 12, 47, 7, 28, 56, 15, 10, 8, 40, 22, 37, 25, 36, 38, 42, 23, 15, 42, 14, 22]",54,54,ChainTrialMakerState,ModuleState
{},2023-02-16 20:10:21,False,,,525,consonance_main_experiment,159,2023-02-16 20:10:21,2023-02-16 20:15:25,,True,True,False,ChainTrialMakerState,default,True,"{'score': 0.8333333333333334, 'passed': True}","[4433, 4437, 4457, 4482]",4.0,54,['default'],0,default,"[9, 52, 14, 17, 41, 27, 15, 38, 51, 8, 54, 13, 28, 19, 55, 29, 31, 33, 16, 50, 37, 47, 20, 44, 53, 32, 36, 45, 11, 48, 42, 21, 24, 18, 22, 39, 12, 34, 25, 40, 43, 10, 46, 26, 56, 7, 35, 23, 30, 49, 45, 11, 24, 34]",54,54,ChainTrialMakerState,ModuleState
{},2023-02-16 20:10:25,False,,,526,consonance_main_experiment,161,2023-02-16 20:10:25,2023-02-16 20:14:25,,True,True,False,ChainTrialMakerState,default,True,"{'score': -0.5443310539518174, 'passed': True}","[4348, 4395, 4490, 4322]",4.0,54,['default'],0,default,"[18, 34, 53, 43, 28, 51, 39, 32, 29, 9, 15, 7, 26, 24, 13, 35, 19, 55, 47, 40, 20, 49, 45, 10, 16, 31, 56, 36, 33, 44, 21, 14, 22, 17, 23, 42, 12, 48, 54, 41, 46, 25, 50, 8, 38, 37, 30, 27, 52, 11, 13, 31, 52, 29]",54,54,ChainTrialMakerState,ModuleState
{},2023-02-16 20:11:02,False,,,529,headphone_test,163,2023-02-16 20:11:02,2023-02-16 20:11:50,,True,True,False,ChainTrialMakerState,default,False,"{'score': None, 'passed': True}",,,6,['default'],0,default,"[4, 5, 3, 2, 1, 6]",6,6,ChainTrialMakerState,ModuleState
{},2023-02-16 20:12:01,False,,,532,consonance_main_experiment,163,2023-02-16 20:12:01,2023-02-16 20:16:20,,True,True,False,ChainTrialMakerState,default,True,"{'score': 0.23570226039551587, 'passed': True}","[4513, 4541, 4535, 4401]",4.0,54,['default'],0,default,"[8, 33, 44, 28, 29, 20, 12, 50, 41, 24, 43, 34, 38, 13, 10, 14, 53, 55, 26, 35, 47, 19, 21, 32, 7, 39, 40, 54, 42, 31, 45, 30, 56, 23, 37, 51, 22, 36, 25, 18, 9, 27, 48, 46, 16, 17, 15, 52, 11, 49, 45, 27, 25, 20]",54,54,ChainTrialMakerState,ModuleState
{},2023-02-16 20:19:09,False,,,553,headphone_test,168,2023-02-16 20:19:09,2023-02-16 20:20:01,,True,True,False,ChainTrialMakerState,default,False,"{'score': None, 'passed': True}",,,6,['default'],0,default,"[4, 6, 1, 2, 5, 3]",6,6,ChainTrialMakerState,ModuleState
{},2023-02-16 20:19:44,False,,,561,headphone_test,169,2023-02-16 20:19:44,2023-02-16 20:20:27,,True,True,False,ChainTrialMakerState,default,False,"{'score': None, 'passed': True}",,,6,['default'],0,default,"[4, 3, 1, 6, 5, 2]",6,6,ChainTrialMakerState,ModuleState
{},2023-02-16 20:19:50,False,,,564,headphone_test,166,2023-02-16 20:19:50,2023-02-16 20:20:30,,True,True,False,ChainTrialMakerState,default,False,"{'score': None, 'passed': True}",,,6,['default'],0,default,"[4, 3, 2, 5, 1, 6]",6,6,ChainTrialMakerState,ModuleState
{},2023-02-16 20:20:04,False,,,569,consonance_main_experiment,168,2023-02-16 20:20:04,2023-02-16 20:24:06,,True,True,False,ChainTrialMakerState,default,True,"{'score': 0.2581988897471611, 'passed': True}","[4581, 4848, 4600, 4584]",4.0,54,['default'],0,default,"[32, 45, 14, 48, 7, 33, 51, 25, 49, 12, 37, 26, 16, 8, 27, 20, 38, 31, 52, 18, 29, 24, 40, 28, 19, 53, 30, 11, 23, 47, 34, 41, 56, 9, 22, 42, 13, 46, 54, 44, 17, 15, 55, 50, 36, 43, 21, 39, 35, 10, 32, 55, 51, 45]",54,54,ChainTrialMakerState,ModuleState
{},2023-02-16 20:20:12,False,,,570,headphone_test,170,2023-02-16 20:20:12,2023-02-16 20:20:56,,True,True,False,ChainTrialMakerState,default,False,"{'score': None, 'passed': True}",,,6,['default'],0,default,"[5, 6, 4, 1, 3, 2]",6,6,ChainTrialMakerState,ModuleState
{},2023-02-16 20:20:19,False,,,572,headphone_test,174,2023-02-16 20:20:19,2023-02-16 20:21:00,,True,True,False,ChainTrialMakerState,default,False,"{'score': None, 'passed': True}",,,6,['default'],0,default,"[4, 6, 2, 1, 3, 5]",6,6,ChainTrialMakerState,ModuleState
{},2023-02-16 20:20:34,False,,,576,headphone_test,181,2023-02-16 20:20:34,2023-02-16 20:21:06,,True,True,False,ChainTrialMakerState,default,False,"{'score': None, 'passed': True}",,,6,['default'],0,default,"[2, 3, 4, 5, 6, 1]",6,6,ChainTrialMakerState,ModuleState
{},2023-02-16 20:20:36,False,,,577,consonance_main_experiment,169,2023-02-16 20:20:36,2023-02-16 20:25:01,,True,True,False,ChainTrialMakerState,default,True,"{'score': 0.7745966692414834, 'passed': True}","[5006, 4706, 4629, 4605]",4.0,54,['default'],0,default,"[29, 30, 48, 31, 52, 21, 43, 39, 49, 44, 8, 41, 47, 22, 33, 28, 15, 40, 34, 23, 53, 18, 38, 51, 11, 7, 9, 27, 45, 55, 17, 35, 14, 32, 50, 20, 37, 42, 46, 56, 54, 19, 13, 36, 12, 24, 26, 25, 10, 16, 24, 40, 43, 30]",54,54,ChainTrialMakerState,ModuleState
{},2023-02-16 20:20:49,False,,,580,consonance_main_experiment,166,2023-02-16 20:20:49,2023-02-16 20:25:39,,True,True,False,ChainTrialMakerState,default,True,"{'score': 0.5, 'passed': True}","[4792, 4765, 4986, 5070]",4.0,54,['default'],0,default,"[42, 19, 15, 25, 36, 27, 39, 29, 26, 18, 48, 43, 53, 32, 31, 17, 50, 14, 21, 24, 30, 56, 33, 35, 9, 55, 28, 20, 38, 12, 37, 16, 23, 41, 13, 45, 47, 10, 22, 8, 44, 46, 11, 49, 7, 40, 34, 52, 51, 54, 33, 24, 10, 7]",54,54,ChainTrialMakerState,ModuleState
{},2023-02-16 20:21:00,False,,,583,headphone_test,180,2023-02-16 20:21:00,2023-02-16 20:21:55,,True,True,False,ChainTrialMakerState,default,False,"{'score': None, 'passed': True}",,,6,['default'],0,default,"[4, 1, 2, 5, 6, 3]",6,6,ChainTrialMakerState,ModuleState
{},2023-02-16 20:21:10,False,,,584,consonance_main_experiment,181,2023-02-16 20:21:10,2023-02-16 20:24:24,,True,True,False,ChainTrialMakerState,default,True,"{'score': -0.21081851067789195, 'passed': True}","[4886, 4698, 4913, 4670]",4.0,54,['default'],0,default,"[31, 21, 22, 46, 9, 11, 42, 50, 35, 18, 38, 14, 36, 47, 34, 43, 8, 13, 48, 32, 56, 17, 23, 12, 28, 45, 25, 15, 10, 41, 52, 33, 51, 44, 26, 49, 20, 40, 7, 37, 39, 53, 19, 30, 29, 27, 24, 16, 55, 54, 7, 36, 53, 50]",54,54,ChainTrialMakerState,ModuleState
{},2023-02-16 20:21:13,False,,,585,consonance_main_experiment,170,2023-02-16 20:21:13,2023-02-16 20:25:53,,True,True,False,ChainTrialMakerState,default,True,"{'score': 0.4472135954999579, 'passed': True}","[4867, 5093, 4876, 4978]",4.0,54,['default'],0,default,"[10, 24, 42, 29, 48, 34, 46, 11, 18, 55, 22, 8, 32, 52, 9, 41, 16, 12, 37, 14, 53, 39, 31, 36, 51, 26, 44, 33, 43, 45, 13, 30, 7, 28, 38, 19, 20, 25, 23, 49, 47, 27, 50, 56, 54, 40, 21, 17, 35, 15, 31, 56, 36, 7]",54,54,ChainTrialMakerState,ModuleState
{},2023-02-16 20:21:17,False,,,586,consonance_main_experiment,174,2023-02-16 20:21:17,2023-02-16 20:25:52,,True,True,False,ChainTrialMakerState,default,True,"{'score': 0.9486832980505138, 'passed': True}","[4922, 4967, 4723, 5024]",4.0,54,['default'],0,default,"[30, 25, 11, 19, 40, 20, 44, 18, 16, 38, 12, 27, 37, 46, 32, 8, 52, 7, 34, 51, 54, 50, 24, 42, 22, 14, 26, 15, 49, 23, 28, 45, 47, 39, 55, 17, 35, 56, 36, 48, 41, 10, 43, 33, 29, 31, 9, 21, 13, 53, 49, 47, 38, 56]",54,54,ChainTrialMakerState,ModuleState
{},2023-02-16 20:21:18,False,,,587,headphone_test,173,2023-02-16 20:21:18,2023-02-16 20:22:14,,True,True,False,ChainTrialMakerState,default,False,"{'score': None, 'passed': True}",,,6,['default'],0,default,"[5, 3, 6, 4, 2, 1]",6,6,ChainTrialMakerState,ModuleState
{},2023-02-16 20:21:47,False,,,592,headphone_test,177,2023-02-16 20:21:47,2023-02-16 20:22:28,,True,True,False,ChainTrialMakerState,default,False,"{'score': None, 'passed': True}",,,6,['default'],0,default,"[4, 2, 1, 6, 5, 3]",6,6,ChainTrialMakerState,ModuleState
{},2023-02-16 20:21:53,False,,,595,headphone_test,186,2023-02-16 20:21:53,2023-02-16 20:22:46,,True,True,False,ChainTrialMakerState,default,False,"{'score': None, 'passed': True}",,,6,['default'],0,default,"[4, 1, 6, 5, 2, 3]",6,6,ChainTrialMakerState,ModuleState
{},2023-02-16 20:21:58,False,,,596,headphone_test,183,2023-02-16 20:21:58,2023-02-16 20:22:39,,True,True,False,ChainTrialMakerState,default,False,"{'score': None, 'passed': True}",,,6,['default'],0,default,"[4, 1, 3, 5, 2, 6]",6,6,ChainTrialMakerState,ModuleState
{},2023-02-16 20:22:05,False,,,597,headphone_test,184,2023-02-16 20:22:05,2023-02-16 20:22:49,,True,True,False,ChainTrialMakerState,default,False,"{'score': None, 'passed': True}",,,6,['default'],0,default,"[1, 3, 5, 2, 6, 4]",6,6,ChainTrialMakerState,ModuleState
{},2023-02-16 20:22:12,False,,,599,consonance_main_experiment,180,2023-02-16 20:22:12,2023-02-16 20:28:13,,True,True,False,ChainTrialMakerState,default,True,"{'score': 0.8944271909999159, 'passed': True}","[4965, 5319, 5129, 4794]",4.0,54,['default'],0,default,"[46, 39, 53, 43, 50, 45, 11, 51, 18, 21, 25, 14, 42, 8, 19, 47, 40, 16, 9, 23, 22, 44, 41, 26, 35, 27, 38, 7, 28, 24, 52, 20, 32, 15, 12, 37, 31, 49, 33, 30, 54, 17, 55, 48, 29, 36, 34, 13, 56, 10, 19, 13, 38, 50]",54,54,ChainTrialMakerState,ModuleState
{},2023-02-16 20:22:37,False,,,601,consonance_main_experiment,177,2023-02-16 20:22:37,2023-02-16 20:26:39,,True,True,False,ChainTrialMakerState,default,True,"{'score': 0.05555555555555555, 'passed': True}","[4836, 5020, 5095, 5122]",4.0,54,['default'],0,default,"[35, 33, 53, 30, 55, 18, 28, 38, 46, 12, 45, 50, 10, 41, 27, 44, 31, 32, 36, 40, 34, 9, 8, 16, 21, 37, 13, 7, 43, 20, 56, 47, 17, 11, 29, 49, 14, 15, 42, 51, 48, 19, 26, 22, 39, 54, 23, 25, 52, 24, 28, 16, 47, 29]",54,54,ChainTrialMakerState,ModuleState
{},2023-02-16 20:22:53,False,,,604,consonance_main_experiment,183,2023-02-16 20:22:53,2023-02-16 20:27:19,,True,True,False,ChainTrialMakerState,default,True,"{'score': -0.8888888888888888, 'passed': True}","[5018, 5068, 5203, 5267]",4.0,54,['default'],0,default,"[29, 36, 37, 25, 26, 12, 50, 49, 20, 47, 39, 30, 11, 21, 54, 53, 17, 19, 14, 56, 32, 15, 51, 28, 23, 44, 45, 10, 27, 42, 22, 55, 34, 35, 40, 13, 18, 16, 48, 52, 38, 24, 46, 43, 31, 7, 8, 9, 41, 33, 56, 23, 52, 9]",54,54,ChainTrialMakerState,ModuleState
{},2023-02-16 20:22:55,False,,,605,consonance_main_experiment,173,2023-02-16 20:22:55,2023-02-16 20:29:52,,True,True,False,ChainTrialMakerState,default,True,"{'score': 0.5443310539518174, 'passed': True}","[5071, 5206, 5142, 5041]",4.0,54,['default'],0,default,"[32, 45, 30, 21, 23, 55, 53, 13, 25, 18, 27, 16, 50, 7, 54, 29, 26, 51, 41, 49, 20, 34, 19, 47, 36, 56, 46, 8, 28, 33, 17, 14, 44, 42, 15, 40, 22, 31, 43, 48, 52, 35, 39, 11, 12, 10, 9, 37, 38, 24, 26, 46, 19, 54]",54,54,ChainTrialMakerState,ModuleState
{},2023-02-16 20:22:58,False,,,606,consonance_main_experiment,184,2023-02-16 20:22:58,2023-02-16 20:26:58,,True,True,False,ChainTrialMakerState,default,True,"{'score': 0.5773502691896258, 'passed': True}","[4814, 5252, 5231, 5136]",4.0,54,['default'],0,default,"[49, 25, 43, 35, 10, 46, 18, 7, 15, 16, 47, 9, 42, 50, 12, 8, 29, 14, 22, 45, 39, 21, 19, 52, 23, 53, 48, 31, 34, 20, 55, 28, 32, 26, 33, 40, 51, 54, 27, 36, 41, 30, 13, 11, 56, 37, 24, 44, 17, 38, 49, 44, 11, 28]",54,54,ChainTrialMakerState,ModuleState
{},2023-02-16 20:23:01,False,,,607,consonance_main_experiment,186,2023-02-16 20:23:01,2023-02-16 20:28:28,,True,True,False,ChainTrialMakerState,default,True,"{'score': 0.3333333333333333, 'passed': True}","[5052, 5184, 5290, 4958]",4.0,54,['default'],0,default,"[34, 16, 33, 52, 39, 37, 49, 46, 15, 24, 45, 35, 29, 7, 31, 36, 56, 43, 14, 42, 53, 21, 30, 44, 11, 50, 25, 12, 18, 28, 55, 38, 22, 47, 19, 26, 23, 17, 13, 8, 40, 10, 54, 9, 27, 48, 51, 32, 41, 20, 45, 21, 26, 39]",54,54,ChainTrialMakerState,ModuleState
{},2023-02-16 20:23:02,False,,,608,headphone_test,188,2023-02-16 20:23:02,2023-02-16 20:23:47,,True,True,False,ChainTrialMakerState,default,False,"{'score': None, 'passed': True}",,,6,['default'],0,default,"[4, 1, 3, 2, 6, 5]",6,6,ChainTrialMakerState,ModuleState
{},2023-02-16 20:24:02,False,,,610,consonance_main_experiment,188,2023-02-16 20:24:02,2023-02-16 20:28:13,,True,True,False,ChainTrialMakerState,default,True,"{'score': 0.5, 'passed': True}","[5047, 5265, 5005, 5320]",4.0,54,['default'],0,default,"[37, 13, 25, 48, 9, 12, 33, 43, 52, 50, 51, 26, 23, 32, 19, 18, 10, 53, 27, 47, 14, 17, 15, 45, 34, 40, 35, 39, 31, 46, 55, 29, 22, 56, 24, 42, 8, 49, 11, 30, 41, 36, 21, 20, 38, 16, 28, 7, 54, 44, 12, 56, 25, 38]",54,54,ChainTrialMakerState,ModuleState
{},2023-02-16 20:25:49,False,,,617,headphone_test,189,2023-02-16 20:25:49,2023-02-16 20:26:23,,True,True,False,ChainTrialMakerState,default,False,"{'score': None, 'passed': True}",,,6,['default'],0,default,"[4, 1, 2, 6, 3, 5]",6,6,ChainTrialMakerState,ModuleState
{},2023-02-16 20:26:37,False,,,621,consonance_main_experiment,189,2023-02-16 20:26:37,2023-02-16 20:30:21,,True,True,False,ChainTrialMakerState,default,True,"{'score': 1.0, 'passed': True}","[5343, 5382, 5339, 5404]",4.0,54,['default'],0,default,"[16, 39, 23, 15, 56, 41, 24, 40, 37, 21, 14, 42, 46, 28, 34, 38, 54, 13, 33, 20, 12, 49, 11, 17, 19, 7, 8, 30, 31, 53, 43, 55, 35, 25, 26, 22, 48, 9, 10, 29, 50, 47, 52, 27, 44, 51, 36, 32, 18, 45, 33, 25, 13, 45]",54,54,ChainTrialMakerState,ModuleState
{},2023-02-16 20:30:14,False,,,642,headphone_test,198,2023-02-16 20:30:14,,,True,False,False,ChainTrialMakerState,default,False,,,,2,['default'],0,default,"[4, 3]",3,3,ChainTrialMakerState,ModuleState
{},2023-02-16 20:30:30,False,,,645,headphone_test,197,2023-02-16 20:30:30,2023-02-16 20:31:05,,True,True,False,ChainTrialMakerState,default,False,"{'score': None, 'passed': True}",,,6,['default'],0,default,"[1, 4, 5, 6, 2, 3]",6,6,ChainTrialMakerState,ModuleState
{},2023-02-16 20:30:38,False,,,646,headphone_test,195,2023-02-16 20:30:38,2023-02-16 20:31:17,,True,True,False,ChainTrialMakerState,default,False,"{'score': None, 'passed': True}",,,6,['default'],0,default,"[2, 5, 6, 1, 4, 3]",6,6,ChainTrialMakerState,ModuleState
{},2023-02-16 20:31:02,False,,,648,headphone_test,194,2023-02-16 20:31:02,2023-02-16 20:32:07,,True,True,False,ChainTrialMakerState,default,False,"{'score': None, 'passed': True}",,,6,['default'],0,default,"[4, 2, 6, 1, 5, 3]",6,6,ChainTrialMakerState,ModuleState
{},2023-02-16 20:31:16,False,,,649,consonance_main_experiment,197,2023-02-16 20:31:16,2023-02-16 20:35:13,,True,True,False,ChainTrialMakerState,default,True,"{'score': 0.05555555555555555, 'passed': True}","[5488, 5474, 5481, 5510]",4.0,54,['default'],0,default,"[46, 26, 23, 49, 37, 27, 19, 14, 16, 47, 33, 17, 24, 13, 30, 41, 31, 55, 20, 34, 9, 40, 25, 45, 29, 15, 50, 7, 10, 51, 42, 44, 8, 21, 56, 35, 43, 32, 52, 18, 54, 36, 22, 39, 48, 28, 12, 53, 38, 11, 15, 40, 45, 44]",54,54,ChainTrialMakerState,ModuleState
{},2023-02-16 20:31:31,False,,,650,consonance_main_experiment,195,2023-02-16 20:31:31,2023-02-16 20:35:45,,True,True,False,ChainTrialMakerState,default,True,"{'score': 0.5, 'passed': True}","[5478, 5588, 5577, 5434]",4.0,54,['default'],0,default,"[42, 40, 51, 23, 47, 15, 37, 19, 55, 20, 34, 44, 33, 10, 11, 29, 52, 8, 30, 12, 49, 22, 45, 54, 35, 16, 7, 9, 13, 18, 25, 27, 17, 50, 31, 24, 36, 53, 14, 21, 43, 41, 32, 39, 28, 46, 38, 56, 48, 26, 29, 39, 41, 51]",54,54,ChainTrialMakerState,ModuleState
{},2023-02-16 20:32:16,False,,,653,consonance_main_experiment,194,2023-02-16 20:32:16,2023-02-16 20:39:12,,True,True,False,ChainTrialMakerState,default,True,"{'score': -0.21081851067789195, 'passed': True}","[5626, 5533, 5518, 5473]",4.0,54,['default'],0,default,"[18, 53, 41, 10, 26, 50, 14, 40, 32, 21, 44, 25, 23, 54, 45, 49, 52, 19, 29, 9, 27, 24, 34, 7, 37, 38, 55, 17, 36, 30, 35, 43, 11, 15, 28, 20, 51, 48, 22, 39, 31, 33, 8, 13, 12, 42, 56, 46, 16, 47, 11, 19, 45, 14]",54,54,ChainTrialMakerState,ModuleState
{},2023-02-16 20:32:43,False,,,655,headphone_test,196,2023-02-16 20:32:43,2023-02-16 20:33:19,,True,True,False,ChainTrialMakerState,default,False,"{'score': None, 'passed': True}",,,6,['default'],0,default,"[6, 2, 5, 1, 4, 3]",6,6,ChainTrialMakerState,ModuleState
{},2023-02-16 20:33:10,False,,,658,headphone_test,200,2023-02-16 20:33:10,2023-02-16 20:33:47,,True,True,False,ChainTrialMakerState,default,False,"{'score': None, 'passed': True}",,,6,['default'],0,default,"[4, 1, 6, 5, 2, 3]",6,6,ChainTrialMakerState,ModuleState
{},2023-02-16 20:33:46,False,,,660,consonance_main_experiment,196,2023-02-16 20:33:46,2023-02-16 20:38:03,,True,True,False,ChainTrialMakerState,default,True,"{'score': 0.5, 'passed': True}","[5559, 5691, 5629, 5595]",4.0,54,['default'],0,default,"[11, 19, 32, 55, 15, 23, 42, 17, 21, 35, 44, 43, 54, 7, 48, 53, 9, 20, 37, 14, 56, 36, 40, 8, 45, 49, 25, 51, 27, 31, 12, 28, 10, 39, 47, 24, 18, 34, 26, 13, 52, 22, 33, 16, 30, 29, 38, 50, 46, 41, 35, 41, 25, 9]",54,54,ChainTrialMakerState,ModuleState
{},2023-02-16 20:34:04,False,,,663,consonance_main_experiment,200,2023-02-16 20:34:04,2023-02-16 20:38:45,,True,True,False,ChainTrialMakerState,default,True,"{'score': 0.816496580927726, 'passed': True}","[5674, 5665, 5668, 5689]",4.0,54,['default'],0,default,"[39, 49, 9, 24, 30, 56, 36, 47, 16, 44, 14, 53, 41, 50, 13, 22, 40, 15, 45, 26, 8, 34, 19, 10, 37, 21, 25, 31, 32, 17, 43, 54, 7, 29, 23, 27, 42, 33, 38, 11, 28, 18, 55, 48, 46, 35, 51, 20, 12, 52, 42, 29, 23, 18]",54,54,ChainTrialMakerState,ModuleState
{},2023-02-16 20:36:48,False,,,667,headphone_test,201,2023-02-16 20:36:48,2023-02-16 20:37:36,,True,True,False,ChainTrialMakerState,default,False,"{'score': None, 'passed': True}",,,6,['default'],0,default,"[4, 5, 2, 1, 6, 3]",6,6,ChainTrialMakerState,ModuleState
{},2023-02-16 20:37:58,False,,,671,headphone_test,203,2023-02-16 20:37:58,2023-02-16 20:38:50,,True,True,False,ChainTrialMakerState,default,False,"{'score': None, 'passed': True}",,,6,['default'],0,default,"[5, 2, 6, 4, 3, 1]",6,6,ChainTrialMakerState,ModuleState
{},2023-02-16 20:38:01,False,,,673,consonance_main_experiment,201,2023-02-16 20:38:01,2023-02-16 20:45:20,,True,True,False,ChainTrialMakerState,default,True,"{'score': 0.816496580927726, 'passed': True}","[5775, 5898, 5792, 6002]",4.0,54,['default'],0,default,"[51, 40, 36, 13, 44, 24, 48, 47, 7, 26, 45, 18, 50, 11, 56, 25, 49, 15, 14, 46, 8, 23, 19, 28, 37, 42, 16, 38, 30, 41, 52, 21, 31, 39, 53, 17, 54, 27, 55, 29, 22, 20, 34, 10, 35, 33, 43, 9, 32, 12, 46, 39, 19, 35]",54,54,ChainTrialMakerState,ModuleState
{},2023-02-16 20:38:13,False,,,674,headphone_test,204,2023-02-16 20:38:13,2023-02-16 20:38:49,,True,True,False,ChainTrialMakerState,default,False,"{'score': None, 'passed': True}",,,6,['default'],0,default,"[2, 6, 1, 4, 5, 3]",6,6,ChainTrialMakerState,ModuleState
{},2023-02-16 20:39:00,False,,,677,consonance_main_experiment,203,2023-02-16 20:39:00,2023-02-16 20:42:42,,True,True,False,ChainTrialMakerState,default,True,"{'score': 0.3333333333333333, 'passed': True}","[5766, 5883, 5800, 5819]",4.0,54,['default'],0,default,"[36, 49, 51, 33, 38, 45, 39, 48, 54, 40, 47, 8, 41, 42, 29, 21, 19, 31, 35, 28, 12, 44, 18, 14, 37, 43, 20, 56, 52, 23, 17, 10, 50, 32, 16, 46, 7, 27, 55, 13, 9, 22, 24, 26, 25, 15, 11, 34, 30, 53, 42, 34, 43, 10]",54,54,ChainTrialMakerState,ModuleState
{},2023-02-16 20:39:35,False,,,680,consonance_main_experiment,204,2023-02-16 20:39:35,2023-02-16 20:43:27,,True,True,False,ChainTrialMakerState,default,True,"{'score': 0.7745966692414834, 'passed': True}","[5782, 5758, 5809, 5894]",4.0,54,['default'],0,default,"[40, 26, 32, 11, 52, 27, 47, 15, 35, 22, 30, 53, 7, 25, 56, 24, 54, 10, 14, 55, 51, 43, 49, 41, 45, 21, 48, 37, 20, 36, 28, 42, 29, 13, 19, 17, 12, 18, 39, 9, 16, 33, 50, 44, 34, 8, 46, 31, 38, 23, 53, 32, 55, 9]",54,54,ChainTrialMakerState,ModuleState
{},2023-02-16 20:40:27,False,,,692,headphone_test,210,2023-02-16 20:40:27,2023-02-16 20:41:02,,True,True,False,ChainTrialMakerState,default,False,"{'score': None, 'passed': True}",,,6,['default'],0,default,"[2, 5, 1, 4, 6, 3]",6,6,ChainTrialMakerState,ModuleState
{},2023-02-16 20:40:47,False,,,694,headphone_test,211,2023-02-16 20:40:47,2023-02-16 20:41:41,,True,True,False,ChainTrialMakerState,default,False,"{'score': None, 'passed': True}",,,6,['default'],0,default,"[4, 6, 5, 1, 2, 3]",6,6,ChainTrialMakerState,ModuleState
{},2023-02-16 20:41:10,False,,,698,consonance_main_experiment,210,2023-02-16 20:41:10,2023-02-16 20:44:37,,True,True,False,ChainTrialMakerState,default,True,"{'score': 0.8, 'passed': True}","[5831, 5846, 5896, 6016]",4.0,54,['default'],0,default,"[32, 48, 18, 46, 21, 36, 23, 19, 50, 13, 26, 35, 39, 40, 55, 24, 8, 54, 15, 28, 41, 16, 30, 45, 42, 17, 44, 14, 34, 43, 10, 52, 33, 47, 12, 31, 7, 20, 51, 38, 9, 53, 49, 11, 56, 37, 22, 27, 29, 25, 46, 19, 28, 37]",54,54,ChainTrialMakerState,ModuleState
{},2023-02-16 20:41:46,False,,,702,headphone_test,208,2023-02-16 20:41:46,2023-02-16 20:42:35,,True,True,False,ChainTrialMakerState,default,False,"{'score': None, 'passed': True}",,,6,['default'],0,default,"[4, 1, 5, 2, 6, 3]",6,6,ChainTrialMakerState,ModuleState
{},2023-02-16 20:41:56,False,,,704,consonance_main_experiment,211,2023-02-16 20:41:56,2023-02-16 20:45:49,,True,True,False,ChainTrialMakerState,default,True,"{'score': 0.5443310539518174, 'passed': True}","[6073, 5928, 5989, 5980]",4.0,54,['default'],0,default,"[30, 33, 43, 44, 13, 55, 27, 36, 9, 38, 42, 23, 10, 16, 45, 31, 24, 51, 12, 52, 18, 41, 54, 11, 34, 39, 32, 53, 29, 7, 15, 37, 25, 20, 17, 19, 49, 48, 56, 50, 47, 22, 28, 46, 14, 40, 35, 26, 21, 8, 56, 23, 34, 54]",54,54,ChainTrialMakerState,ModuleState
{},2023-02-16 20:42:18,False,,,706,headphone_test,207,2023-02-16 20:42:18,2023-02-16 20:42:58,,True,True,False,ChainTrialMakerState,default,False,"{'score': None, 'passed': True}",,,6,['default'],0,default,"[2, 6, 3, 1, 5, 4]",6,6,ChainTrialMakerState,ModuleState
{},2023-02-16 20:42:50,False,,,709,headphone_test,206,2023-02-16 20:42:50,2023-02-16 20:43:25,,True,True,False,ChainTrialMakerState,default,False,"{'score': None, 'passed': True}",,,6,['default'],0,default,"[5, 4, 6, 1, 2, 3]",6,6,ChainTrialMakerState,ModuleState
{},2023-02-16 20:43:02,False,,,711,consonance_main_experiment,208,2023-02-16 20:43:02,,,True,False,False,ChainTrialMakerState,default,True,"{'score': None, 'passed': False}","[6027, 5937, 6216, 6013]",4.0,54,['default'],0,default,"[9, 33, 18, 12, 50, 7, 38, 31, 46, 48, 24, 29, 16, 8, 53, 11, 19, 56, 45, 23, 40, 17, 26, 52, 54, 27, 49, 55, 20, 39, 32, 13, 43, 30, 21, 10, 41, 34, 14, 47, 51, 37, 36, 35, 15, 44, 28, 25, 22, 42, 16, 9, 15, 24]",54,54,ChainTrialMakerState,ModuleState
{},2023-02-16 20:43:14,False,,,713,consonance_main_experiment,207,2023-02-16 20:43:14,2023-02-16 20:47:36,,True,True,False,ChainTrialMakerState,default,True,"{'score': 0.816496580927726, 'passed': True}","[6037, 6144, 6110, 6197]",4.0,54,['default'],0,default,"[8, 51, 21, 27, 10, 53, 38, 55, 41, 43, 19, 17, 47, 48, 45, 32, 34, 22, 37, 40, 23, 52, 15, 56, 13, 12, 18, 36, 16, 9, 14, 50, 28, 29, 49, 30, 31, 11, 42, 20, 44, 7, 39, 33, 26, 25, 46, 35, 54, 24, 17, 16, 15, 42]",54,54,ChainTrialMakerState,ModuleState
{},2023-02-16 20:43:38,False,,,716,headphone_test,209,2023-02-16 20:43:38,2023-02-16 20:44:17,,True,True,False,ChainTrialMakerState,default,False,"{'score': None, 'passed': True}",,,6,['default'],0,default,"[2, 6, 5, 4, 1, 3]",6,6,ChainTrialMakerState,ModuleState
{},2023-02-16 20:43:40,False,,,717,consonance_main_experiment,206,2023-02-16 20:43:40,2023-02-16 20:47:50,,True,True,False,ChainTrialMakerState,default,True,"{'score': 0.816496580927726, 'passed': True}","[6147, 6095, 6011, 6071]",4.0,54,['default'],0,default,"[16, 22, 26, 35, 48, 12, 30, 28, 40, 7, 19, 34, 42, 43, 9, 56, 27, 11, 25, 23, 39, 38, 54, 24, 17, 31, 29, 44, 49, 37, 53, 33, 13, 10, 18, 21, 51, 45, 55, 41, 20, 50, 14, 32, 46, 15, 8, 47, 52, 36, 31, 11, 35, 42]",54,54,ChainTrialMakerState,ModuleState
{},2023-02-16 20:44:01,False,,,719,headphone_test,218,2023-02-16 20:44:01,2023-02-16 20:44:48,,True,True,False,ChainTrialMakerState,default,False,"{'score': None, 'passed': True}",,,6,['default'],0,default,"[4, 1, 6, 5, 2, 3]",6,6,ChainTrialMakerState,ModuleState
{},2023-02-16 20:44:36,False,,,721,consonance_main_experiment,209,2023-02-16 20:44:36,2023-02-16 20:48:57,,True,True,False,ChainTrialMakerState,default,True,"{'score': 0.31622776601683794, 'passed': True}","[6185, 6331, 6065, 6319]",4.0,54,['default'],0,default,"[9, 52, 19, 26, 45, 44, 15, 10, 32, 46, 28, 17, 20, 21, 51, 12, 22, 41, 16, 39, 30, 31, 33, 49, 18, 56, 54, 36, 25, 8, 47, 13, 34, 42, 23, 11, 37, 40, 7, 55, 14, 43, 29, 35, 27, 24, 53, 38, 48, 50, 30, 48, 9, 24]",54,54,ChainTrialMakerState,ModuleState
{},2023-02-16 20:45:09,False,,,723,consonance_main_experiment,218,2023-02-16 20:45:09,2023-02-16 20:50:05,,True,True,False,ChainTrialMakerState,default,True,"{'score': 0.0, 'passed': True}","[6297, 6242, 6364, 6292]",4.0,54,['default'],0,default,"[25, 9, 24, 40, 51, 47, 48, 50, 27, 11, 12, 15, 52, 14, 13, 53, 46, 17, 32, 20, 42, 56, 49, 37, 23, 38, 10, 41, 21, 30, 7, 19, 26, 29, 31, 39, 33, 35, 55, 8, 18, 16, 34, 45, 28, 22, 36, 43, 44, 54, 38, 17, 45, 23]",54,54,ChainTrialMakerState,ModuleState
{},2023-02-16 20:45:29,False,,,725,headphone_test,219,2023-02-16 20:45:29,2023-02-16 20:46:08,,True,True,False,ChainTrialMakerState,default,False,"{'score': None, 'passed': True}",,,6,['default'],0,default,"[1, 2, 5, 6, 4, 3]",6,6,ChainTrialMakerState,ModuleState
{},2023-02-16 20:46:38,False,,,729,headphone_test,214,2023-02-16 20:46:38,2023-02-16 20:47:16,,True,True,False,ChainTrialMakerState,default,False,"{'score': None, 'passed': True}",,,6,['default'],0,default,"[4, 6, 2, 1, 5, 3]",6,6,ChainTrialMakerState,ModuleState
{},2023-02-16 20:46:45,False,,,730,consonance_main_experiment,219,2023-02-16 20:46:45,2023-02-16 20:51:10,,True,True,False,ChainTrialMakerState,default,True,"{'score': 0.9486832980505138, 'passed': True}","[6278, 6369, 6302, 6336]",4.0,54,['default'],0,default,"[15, 38, 23, 22, 25, 12, 51, 39, 50, 11, 44, 35, 40, 26, 31, 28, 29, 41, 37, 53, 54, 27, 16, 17, 33, 32, 19, 18, 8, 34, 48, 14, 9, 30, 21, 10, 52, 49, 42, 56, 45, 55, 13, 7, 24, 47, 43, 46, 20, 36, 50, 14, 26, 27]",54,54,ChainTrialMakerState,ModuleState
{},2023-02-16 20:47:29,False,,,731,consonance_main_experiment,214,2023-02-16 20:47:29,2023-02-16 20:51:47,,True,True,False,ChainTrialMakerState,default,True,"{'score': 0.9428090415820635, 'passed': True}","[6291, 6286, 6417, 6393]",4.0,54,['default'],0,default,"[48, 10, 40, 34, 38, 13, 46, 18, 33, 54, 14, 22, 43, 7, 50, 44, 53, 36, 15, 27, 42, 23, 37, 55, 39, 32, 12, 35, 51, 26, 16, 11, 17, 49, 56, 31, 41, 21, 25, 30, 19, 24, 28, 45, 47, 29, 52, 9, 20, 8, 40, 10, 28, 16]",54,54,ChainTrialMakerState,ModuleState
{},2023-02-16 20:51:02,False,,,739,headphone_test,221,2023-02-16 20:51:02,2023-02-16 20:51:36,,True,True,False,ChainTrialMakerState,default,False,"{'score': None, 'passed': True}",,,6,['default'],0,default,"[1, 4, 6, 2, 5, 3]",6,6,ChainTrialMakerState,ModuleState
{},2023-02-16 20:51:43,False,,,741,consonance_main_experiment,221,2023-02-16 20:51:43,2023-02-16 20:55:44,,True,True,False,ChainTrialMakerState,default,True,"{'score': -0.5, 'passed': True}","[6468, 6437, 6478, 6459]",4.0,54,['default'],0,default,"[27, 37, 54, 20, 28, 15, 29, 45, 23, 8, 47, 24, 11, 46, 40, 33, 26, 10, 44, 50, 13, 18, 9, 32, 30, 25, 21, 41, 17, 22, 19, 35, 7, 31, 53, 14, 16, 42, 52, 38, 34, 36, 49, 39, 43, 56, 48, 51, 55, 12, 22, 27, 14, 18]",54,54,ChainTrialMakerState,ModuleState
{},2023-02-16 20:53:56,False,,,745,headphone_test,220,2023-02-16 20:53:56,2023-02-16 20:54:33,,True,True,False,ChainTrialMakerState,default,False,"{'score': None, 'passed': True}",,,6,['default'],0,default,"[1, 4, 5, 6, 2, 3]",6,6,ChainTrialMakerState,ModuleState
{},2023-02-16 20:55:17,False,,,746,consonance_main_experiment,220,2023-02-16 20:55:17,2023-02-16 21:00:00,,True,True,False,ChainTrialMakerState,default,True,"{'score': 0.0, 'passed': True}","[6555, 6503, 6557, 6532]",4.0,54,['default'],0,default,"[11, 40, 56, 48, 19, 26, 43, 38, 20, 39, 21, 9, 30, 23, 17, 25, 14, 35, 7, 36, 46, 44, 18, 31, 16, 12, 22, 47, 50, 15, 53, 32, 33, 41, 28, 27, 24, 54, 52, 55, 34, 29, 37, 45, 8, 10, 51, 13, 49, 42, 37, 26, 45, 47]",54,54,ChainTrialMakerState,ModuleState
{},2023-02-16 20:55:56,False,,,748,headphone_test,222,2023-02-16 20:55:56,2023-02-16 20:56:58,,True,True,False,ChainTrialMakerState,default,False,"{'score': None, 'passed': True}",,,6,['default'],0,default,"[5, 6, 2, 1, 4, 3]",6,6,ChainTrialMakerState,ModuleState
{},2023-02-16 20:57:36,False,,,750,consonance_main_experiment,222,2023-02-16 20:57:36,2023-02-16 21:03:40,,True,True,False,ChainTrialMakerState,default,True,"{'score': 0.816496580927726, 'passed': True}","[6623, 6580, 6569, 6543]",4.0,54,['default'],0,default,"[25, 53, 42, 39, 36, 38, 11, 18, 13, 32, 41, 49, 14, 40, 45, 37, 28, 33, 30, 24, 50, 19, 51, 55, 9, 35, 22, 29, 26, 15, 52, 23, 56, 34, 10, 8, 17, 16, 7, 47, 46, 12, 54, 43, 48, 21, 27, 31, 44, 20, 56, 33, 45, 36]",54,54,ChainTrialMakerState,ModuleState
{},2023-02-16 20:59:02,False,,,755,headphone_test,224,2023-02-16 20:59:02,2023-02-16 20:59:40,,True,True,False,ChainTrialMakerState,default,False,"{'score': None, 'passed': True}",,,6,['default'],0,default,"[6, 5, 1, 2, 4, 3]",6,6,ChainTrialMakerState,ModuleState
{},2023-02-16 20:59:45,False,,,757,consonance_main_experiment,224,2023-02-16 20:59:45,2023-02-16 21:03:28,,True,True,False,ChainTrialMakerState,default,True,"{'score': -0.3333333333333333, 'passed': True}","[6677, 6652, 6578, 6626]",4.0,54,['default'],0,default,"[35, 50, 16, 28, 54, 14, 33, 41, 8, 21, 36, 17, 30, 47, 34, 32, 42, 31, 37, 25, 29, 10, 27, 9, 26, 49, 18, 13, 24, 23, 55, 46, 22, 45, 43, 11, 48, 44, 20, 40, 19, 38, 51, 56, 15, 12, 7, 52, 53, 39, 52, 44, 35, 49]",54,54,ChainTrialMakerState,ModuleState
{},2023-02-16 21:01:07,False,,,760,headphone_test,225,2023-02-16 21:01:07,2023-02-16 21:01:44,,True,True,False,ChainTrialMakerState,default,False,"{'score': None, 'passed': True}",,,6,['default'],0,default,"[4, 6, 5, 2, 1, 3]",6,6,ChainTrialMakerState,ModuleState
{},2023-02-16 21:01:57,False,,,761,consonance_main_experiment,225,2023-02-16 21:01:57,2023-02-16 21:06:08,,True,True,False,ChainTrialMakerState,default,True,"{'score': 0.5773502691896258, 'passed': True}","[6715, 6711, 6702, 6705]",4.0,54,['default'],0,default,"[27, 17, 50, 29, 22, 38, 45, 49, 48, 19, 23, 12, 46, 36, 7, 14, 43, 11, 35, 16, 20, 24, 28, 51, 54, 42, 44, 41, 9, 8, 55, 25, 13, 52, 39, 32, 26, 33, 47, 10, 18, 15, 40, 34, 30, 37, 56, 31, 53, 21, 33, 52, 54, 41]",54,54,ChainTrialMakerState,ModuleState
{},2023-02-16 21:16:38,False,,,769,headphone_test,227,2023-02-16 21:16:38,,,True,False,False,ChainTrialMakerState,default,False,,,,0,['default'],0,default,[],1,1,ChainTrialMakerState,ModuleState
{},2023-02-16 21:24:10,False,,,774,headphone_test,229,2023-02-16 21:24:10,2023-02-16 21:24:57,,True,True,False,ChainTrialMakerState,default,False,"{'score': None, 'passed': True}",,,6,['default'],0,default,"[6, 5, 1, 4, 2, 3]",6,6,ChainTrialMakerState,ModuleState
{},2023-02-16 21:25:04,False,,,775,consonance_main_experiment,229,2023-02-16 21:25:04,2023-02-16 21:30:13,,True,True,False,ChainTrialMakerState,default,True,"{'score': 0.10540925533894598, 'passed': True}","[6759, 6750, 6749, 6768]",4.0,54,['default'],0,default,"[30, 15, 46, 21, 38, 33, 31, 35, 42, 18, 44, 43, 48, 51, 39, 9, 55, 23, 32, 52, 20, 14, 49, 45, 12, 28, 19, 37, 25, 53, 11, 27, 26, 40, 34, 56, 47, 54, 41, 10, 50, 22, 17, 36, 8, 29, 16, 7, 24, 13, 20, 43, 44, 53]",54,54,ChainTrialMakerState,ModuleState
