vars,creation_time,failed,failed_reason,time_of_death,id,module_id,participant_id,time_started,time_finished,time_aborted,started,finished,aborted,type,class,object_type
{},2023-02-16 16:59:29,False,,,1,consent,1,2023-02-16 16:59:29,2023-02-16 16:59:39,,True,True,False,ModuleState,ModuleState,ModuleState
{},2023-02-16 16:59:46,False,,,2,volume_calibration,1,2023-02-16 16:59:46,,,True,False,False,ModuleState,ModuleState,ModuleState
{},2023-02-16 16:59:56,False,,,3,consent,2,2023-02-16 16:59:56,2023-02-16 17:00:08,,True,True,False,ModuleState,ModuleState,ModuleState
{},2023-02-16 17:00:48,False,,,4,volume_calibration,2,2023-02-16 17:00:48,2023-02-16 17:01:10,,True,True,False,ModuleState,ModuleState,ModuleState
{},2023-02-16 17:01:12,False,,,5,consent,3,2023-02-16 17:01:12,2023-02-16 17:01:30,,True,True,False,ModuleState,ModuleState,ModuleState
{},2023-02-16 17:01:21,False,,,7,consent,4,2023-02-16 17:01:21,2023-02-16 17:01:45,,True,True,False,ModuleState,ModuleState,ModuleState
{},2023-02-16 17:01:35,False,,,8,volume_calibration,3,2023-02-16 17:01:35,2023-02-16 17:01:41,,True,True,False,ModuleState,ModuleState,ModuleState
{},2023-02-16 17:01:48,False,,,9,volume_calibration,4,2023-02-16 17:01:48,,,True,False,False,ModuleState,ModuleState,ModuleState
{},2023-02-16 17:02:40,False,,,12,consent,5,2023-02-16 17:02:40,2023-02-16 17:02:48,,True,True,False,ModuleState,ModuleState,ModuleState
{},2023-02-16 17:02:50,False,,,13,volume_calibration,5,2023-02-16 17:02:50,,,True,False,False,ModuleState,ModuleState,ModuleState
{},2023-02-16 17:03:11,False,,,15,consent,6,2023-02-16 17:03:11,2023-02-16 17:03:41,,True,True,False,ModuleState,ModuleState,ModuleState
{},2023-02-16 17:05:16,False,,,16,volume_calibration,6,2023-02-16 17:05:16,2023-02-16 17:05:24,,True,True,False,ModuleState,ModuleState,ModuleState
{},2023-02-16 17:05:40,False,,,18,consent,7,2023-02-16 17:05:40,2023-02-16 17:05:46,,True,True,False,ModuleState,ModuleState,ModuleState
{},2023-02-16 17:05:51,False,,,19,volume_calibration,7,2023-02-16 17:05:51,2023-02-16 17:06:01,,True,True,False,ModuleState,ModuleState,ModuleState
{},2023-02-16 17:07:45,False,,,23,gmsi,3,2023-02-16 17:07:45,2023-02-16 17:08:58,,True,True,False,ModuleState,ModuleState,ModuleState
{},2023-02-16 17:07:51,False,,,24,gmsi,2,2023-02-16 17:07:51,2023-02-16 17:08:39,,True,True,False,ModuleState,ModuleState,ModuleState
{},2023-02-16 17:09:01,False,,,25,consent,8,2023-02-16 17:09:01,2023-02-16 17:09:17,,True,True,False,ModuleState,ModuleState,ModuleState
{},2023-02-16 17:10:45,False,,,26,gmsi,6,2023-02-16 17:10:45,2023-02-16 17:11:19,,True,True,False,ModuleState,ModuleState,ModuleState
{},2023-02-16 17:11:10,False,,,27,volume_calibration,8,2023-02-16 17:11:10,2023-02-16 17:11:17,,True,True,False,ModuleState,ModuleState,ModuleState
{},2023-02-16 17:11:50,False,,,29,consent,9,2023-02-16 17:11:50,2023-02-16 17:12:01,,True,True,False,ModuleState,ModuleState,ModuleState
{},2023-02-16 17:11:50,False,,,30,consent,10,2023-02-16 17:11:50,,,True,False,False,ModuleState,ModuleState,ModuleState
{},2023-02-16 17:12:10,False,,,32,volume_calibration,9,2023-02-16 17:12:10,2023-02-16 17:12:31,,True,True,False,ModuleState,ModuleState,ModuleState
{},2023-02-16 17:12:21,False,,,33,consent,11,2023-02-16 17:12:21,2023-02-16 17:13:09,,True,True,False,ModuleState,ModuleState,ModuleState
{},2023-02-16 17:13:29,False,,,35,consent,12,2023-02-16 17:13:29,,,True,False,False,ModuleState,ModuleState,ModuleState
{},2023-02-16 17:13:31,False,,,36,volume_calibration,11,2023-02-16 17:13:31,2023-02-16 17:13:41,,True,True,False,ModuleState,ModuleState,ModuleState
{},2023-02-16 17:14:07,False,,,39,consent,13,2023-02-16 17:14:07,2023-02-16 17:14:19,,True,True,False,ModuleState,ModuleState,ModuleState
{},2023-02-16 17:14:23,False,,,40,volume_calibration,13,2023-02-16 17:14:23,2023-02-16 17:14:35,,True,True,False,ModuleState,ModuleState,ModuleState
{},2023-02-16 17:14:50,False,,,43,consent,14,2023-02-16 17:14:50,2023-02-16 17:15:15,,True,True,False,ModuleState,ModuleState,ModuleState
{},2023-02-16 17:15:30,False,,,44,volume_calibration,14,2023-02-16 17:15:30,,,True,False,False,ModuleState,ModuleState,ModuleState
{},2023-02-16 17:16:10,False,,,46,gmsi,8,2023-02-16 17:16:10,2023-02-16 17:16:54,,True,True,False,ModuleState,ModuleState,ModuleState
{},2023-02-16 17:18:37,False,,,47,consent,15,2023-02-16 17:18:37,2023-02-16 17:19:10,,True,True,False,ModuleState,ModuleState,ModuleState
{},2023-02-16 17:19:03,False,,,48,gmsi,9,2023-02-16 17:19:03,2023-02-16 17:19:58,,True,True,False,ModuleState,ModuleState,ModuleState
{},2023-02-16 17:19:13,False,,,49,volume_calibration,15,2023-02-16 17:19:13,2023-02-16 17:19:21,,True,True,False,ModuleState,ModuleState,ModuleState
{},2023-02-16 17:19:30,False,,,50,consent,16,2023-02-16 17:19:30,2023-02-16 17:19:57,,True,True,False,ModuleState,ModuleState,ModuleState
{},2023-02-16 17:19:40,False,,,52,gmsi,11,2023-02-16 17:19:40,2023-02-16 17:20:59,,True,True,False,ModuleState,ModuleState,ModuleState
{},2023-02-16 17:20:22,False,,,53,consent,17,2023-02-16 17:20:22,2023-02-16 17:20:30,,True,True,False,ModuleState,ModuleState,ModuleState
{},2023-02-16 17:20:54,False,,,55,volume_calibration,17,2023-02-16 17:20:54,2023-02-16 17:21:01,,True,True,False,ModuleState,ModuleState,ModuleState
{},2023-02-16 17:21:20,False,,,57,volume_calibration,16,2023-02-16 17:21:20,2023-02-16 17:21:26,,True,True,False,ModuleState,ModuleState,ModuleState
{},2023-02-16 17:22:44,False,,,59,consent,18,2023-02-16 17:22:44,2023-02-16 17:22:56,,True,True,False,ModuleState,ModuleState,ModuleState
{},2023-02-16 17:23:03,False,,,60,volume_calibration,18,2023-02-16 17:23:03,,,True,False,False,ModuleState,ModuleState,ModuleState
{},2023-02-16 17:24:59,False,,,61,consent,19,2023-02-16 17:24:59,2023-02-16 17:25:18,,True,True,False,ModuleState,ModuleState,ModuleState
{},2023-02-16 17:25:21,False,,,62,volume_calibration,19,2023-02-16 17:25:21,2023-02-16 17:25:33,,True,True,False,ModuleState,ModuleState,ModuleState
{},2023-02-16 17:26:18,False,,,64,consent,20,2023-02-16 17:26:18,2023-02-16 17:26:26,,True,True,False,ModuleState,ModuleState,ModuleState
{},2023-02-16 17:26:24,False,,,65,gmsi,17,2023-02-16 17:26:24,2023-02-16 17:27:15,,True,True,False,ModuleState,ModuleState,ModuleState
{},2023-02-16 17:26:29,False,,,66,volume_calibration,20,2023-02-16 17:26:29,2023-02-16 17:26:35,,True,True,False,ModuleState,ModuleState,ModuleState
{},2023-02-16 17:27:37,False,,,69,consent,21,2023-02-16 17:27:37,2023-02-16 17:27:43,,True,True,False,ModuleState,ModuleState,ModuleState
{},2023-02-16 17:27:47,False,,,71,volume_calibration,21,2023-02-16 17:27:47,,,True,False,False,ModuleState,ModuleState,ModuleState
{},2023-02-16 17:31:29,False,,,72,gmsi,19,2023-02-16 17:31:29,2023-02-16 17:32:40,,True,True,False,ModuleState,ModuleState,ModuleState
{},2023-02-16 17:32:10,False,,,73,gmsi,20,2023-02-16 17:32:10,2023-02-16 17:33:11,,True,True,False,ModuleState,ModuleState,ModuleState
{},2023-02-16 17:34:31,False,,,74,consent,22,2023-02-16 17:34:31,2023-02-16 17:34:41,,True,True,False,ModuleState,ModuleState,ModuleState
{},2023-02-16 17:34:40,False,,,75,consent,23,2023-02-16 17:34:40,2023-02-16 17:34:58,,True,True,False,ModuleState,ModuleState,ModuleState
{},2023-02-16 17:34:47,False,,,76,volume_calibration,22,2023-02-16 17:34:47,,,True,False,False,ModuleState,ModuleState,ModuleState
{},2023-02-16 17:35:02,False,,,77,volume_calibration,23,2023-02-16 17:35:02,,,True,False,False,ModuleState,ModuleState,ModuleState
{},2023-02-16 17:35:17,False,,,78,consent,24,2023-02-16 17:35:17,2023-02-16 17:35:36,,True,True,False,ModuleState,ModuleState,ModuleState
{},2023-02-16 17:35:35,False,,,79,consent,25,2023-02-16 17:35:35,2023-02-16 17:35:45,,True,True,False,ModuleState,ModuleState,ModuleState
{},2023-02-16 17:35:43,False,,,80,consent,26,2023-02-16 17:35:43,2023-02-16 17:35:52,,True,True,False,ModuleState,ModuleState,ModuleState
{},2023-02-16 17:35:55,False,,,81,volume_calibration,26,2023-02-16 17:35:55,2023-02-16 17:36:05,,True,True,False,ModuleState,ModuleState,ModuleState
{},2023-02-16 17:36:46,False,,,83,volume_calibration,25,2023-02-16 17:36:46,2023-02-16 17:36:57,,True,True,False,ModuleState,ModuleState,ModuleState
{},2023-02-16 17:37:20,False,,,86,volume_calibration,24,2023-02-16 17:37:20,,,True,False,False,ModuleState,ModuleState,ModuleState
{},2023-02-16 17:41:17,False,,,88,gmsi,26,2023-02-16 17:41:17,2023-02-16 17:42:15,,True,True,False,ModuleState,ModuleState,ModuleState
{},2023-02-16 17:42:03,False,,,89,gmsi,25,2023-02-16 17:42:03,2023-02-16 17:42:53,,True,True,False,ModuleState,ModuleState,ModuleState
{},2023-02-16 17:44:24,False,,,90,consent,27,2023-02-16 17:44:24,2023-02-16 17:45:53,,True,True,False,ModuleState,ModuleState,ModuleState
{},2023-02-16 17:44:45,False,,,91,consent,28,2023-02-16 17:44:45,2023-02-16 17:44:50,,True,True,False,ModuleState,ModuleState,ModuleState
{},2023-02-16 17:44:49,False,,,92,consent,29,2023-02-16 17:44:49,2023-02-16 17:45:00,,True,True,False,ModuleState,ModuleState,ModuleState
{},2023-02-16 17:44:52,False,,,93,volume_calibration,28,2023-02-16 17:44:52,,,True,False,False,ModuleState,ModuleState,ModuleState
{},2023-02-16 17:45:18,False,,,94,volume_calibration,29,2023-02-16 17:45:18,2023-02-16 17:45:34,,True,True,False,ModuleState,ModuleState,ModuleState
{},2023-02-16 17:45:20,False,,,95,consent,30,2023-02-16 17:45:20,2023-02-16 17:45:38,,True,True,False,ModuleState,ModuleState,ModuleState
{},2023-02-16 17:45:41,False,,,96,volume_calibration,30,2023-02-16 17:45:41,,,True,False,False,ModuleState,ModuleState,ModuleState
{},2023-02-16 17:46:09,False,,,98,volume_calibration,27,2023-02-16 17:46:09,2023-02-16 17:46:18,,True,True,False,ModuleState,ModuleState,ModuleState
{},2023-02-16 17:46:28,False,,,100,consent,31,2023-02-16 17:46:28,2023-02-16 17:47:22,,True,True,False,ModuleState,ModuleState,ModuleState
{},2023-02-16 17:47:28,False,,,102,volume_calibration,31,2023-02-16 17:47:28,,,True,False,False,ModuleState,ModuleState,ModuleState
{},2023-02-16 17:51:35,False,,,104,consent,32,2023-02-16 17:51:35,2023-02-16 17:51:46,,True,True,False,ModuleState,ModuleState,ModuleState
{},2023-02-16 17:51:53,False,,,105,gmsi,27,2023-02-16 17:51:53,2023-02-16 17:52:38,,True,True,False,ModuleState,ModuleState,ModuleState
{},2023-02-16 17:51:57,False,,,106,volume_calibration,32,2023-02-16 17:51:57,,,True,False,False,ModuleState,ModuleState,ModuleState
{},2023-02-16 17:52:45,False,,,107,gmsi,29,2023-02-16 17:52:45,2023-02-16 17:53:58,,True,True,False,ModuleState,ModuleState,ModuleState
{},2023-02-16 17:53:50,False,,,108,consent,33,2023-02-16 17:53:50,2023-02-16 17:54:53,,True,True,False,ModuleState,ModuleState,ModuleState
{},2023-02-16 17:55:06,False,,,109,volume_calibration,33,2023-02-16 17:55:06,2023-02-16 17:55:29,,True,True,False,ModuleState,ModuleState,ModuleState
{},2023-02-16 17:55:15,False,,,110,consent,34,2023-02-16 17:55:15,2023-02-16 17:56:44,,True,True,False,ModuleState,ModuleState,ModuleState
{},2023-02-16 17:55:23,False,,,111,consent,35,2023-02-16 17:55:23,2023-02-16 17:55:30,,True,True,False,ModuleState,ModuleState,ModuleState
{},2023-02-16 17:57:33,False,,,114,volume_calibration,34,2023-02-16 17:57:33,2023-02-16 17:57:41,,True,True,False,ModuleState,ModuleState,ModuleState
{},2023-02-16 18:01:19,False,,,117,gmsi,33,2023-02-16 18:01:19,2023-02-16 18:02:59,,True,True,False,ModuleState,ModuleState,ModuleState
{},2023-02-16 18:02:59,False,,,118,gmsi,34,2023-02-16 18:02:59,2023-02-16 18:03:47,,True,True,False,ModuleState,ModuleState,ModuleState
{},2023-02-16 18:05:03,False,,,119,consent,36,2023-02-16 18:05:03,2023-02-16 18:05:13,,True,True,False,ModuleState,ModuleState,ModuleState
{},2023-02-16 18:05:03,False,,,120,consent,37,2023-02-16 18:05:03,2023-02-16 18:05:11,,True,True,False,ModuleState,ModuleState,ModuleState
{},2023-02-16 18:05:05,False,,,121,volume_calibration,35,2023-02-16 18:05:05,,,True,False,False,ModuleState,ModuleState,ModuleState
{},2023-02-16 18:05:06,False,,,122,consent,38,2023-02-16 18:05:06,2023-02-16 18:05:18,,True,True,False,ModuleState,ModuleState,ModuleState
{},2023-02-16 18:05:08,False,,,123,consent,39,2023-02-16 18:05:08,2023-02-16 18:05:29,,True,True,False,ModuleState,ModuleState,ModuleState
{},2023-02-16 18:05:09,False,,,124,consent,40,2023-02-16 18:05:09,2023-02-16 18:05:46,,True,True,False,ModuleState,ModuleState,ModuleState
{},2023-02-16 18:05:09,False,,,125,consent,41,2023-02-16 18:05:09,2023-02-16 18:06:01,,True,True,False,ModuleState,ModuleState,ModuleState
{},2023-02-16 18:05:14,False,,,126,consent,42,2023-02-16 18:05:14,2023-02-16 18:05:27,,True,True,False,ModuleState,ModuleState,ModuleState
{},2023-02-16 18:05:15,False,,,127,volume_calibration,36,2023-02-16 18:05:15,,,True,False,False,ModuleState,ModuleState,ModuleState
{},2023-02-16 18:05:21,False,,,128,consent,43,2023-02-16 18:05:21,2023-02-16 18:05:53,,True,True,False,ModuleState,ModuleState,ModuleState
{},2023-02-16 18:05:22,False,,,129,volume_calibration,38,2023-02-16 18:05:22,,,True,False,False,ModuleState,ModuleState,ModuleState
{},2023-02-16 18:05:26,False,,,130,consent,44,2023-02-16 18:05:26,2023-02-16 18:05:37,,True,True,False,ModuleState,ModuleState,ModuleState
{},2023-02-16 18:05:27,False,,,131,consent,45,2023-02-16 18:05:27,2023-02-16 18:05:32,,True,True,False,ModuleState,ModuleState,ModuleState
{},2023-02-16 18:05:28,False,,,132,consent,46,2023-02-16 18:05:28,2023-02-16 18:06:01,,True,True,False,ModuleState,ModuleState,ModuleState
{},2023-02-16 18:05:29,False,,,133,volume_calibration,42,2023-02-16 18:05:29,2023-02-16 18:05:34,,True,True,False,ModuleState,ModuleState,ModuleState
{},2023-02-16 18:05:34,False,,,134,consent,47,2023-02-16 18:05:34,2023-02-16 18:05:42,,True,True,False,ModuleState,ModuleState,ModuleState
{},2023-02-16 18:05:34,False,,,135,volume_calibration,45,2023-02-16 18:05:34,,,True,False,False,ModuleState,ModuleState,ModuleState
{},2023-02-16 18:05:44,False,,,137,volume_calibration,44,2023-02-16 18:05:44,2023-02-16 18:05:54,,True,True,False,ModuleState,ModuleState,ModuleState
{},2023-02-16 18:05:45,False,,,138,volume_calibration,47,2023-02-16 18:05:45,,,True,False,False,ModuleState,ModuleState,ModuleState
{},2023-02-16 18:05:50,False,,,139,volume_calibration,40,2023-02-16 18:05:50,,,True,False,False,ModuleState,ModuleState,ModuleState
{},2023-02-16 18:05:51,False,,,140,consent,48,2023-02-16 18:05:51,2023-02-16 18:07:06,,True,True,False,ModuleState,ModuleState,ModuleState
{},2023-02-16 18:05:52,False,,,141,consent,49,2023-02-16 18:05:52,2023-02-16 18:06:40,,True,True,False,ModuleState,ModuleState,ModuleState
{},2023-02-16 18:05:58,False,,,142,volume_calibration,43,2023-02-16 18:05:58,2023-02-16 18:06:06,,True,True,False,ModuleState,ModuleState,ModuleState
{},2023-02-16 18:06:00,False,,,144,consent,50,2023-02-16 18:06:00,,,True,False,False,ModuleState,ModuleState,ModuleState
{},2023-02-16 18:06:03,False,,,145,volume_calibration,41,2023-02-16 18:06:03,,,True,False,False,ModuleState,ModuleState,ModuleState
{},2023-02-16 18:06:04,False,,,146,consent,51,2023-02-16 18:06:04,2023-02-16 18:06:44,,True,True,False,ModuleState,ModuleState,ModuleState
{},2023-02-16 18:06:07,False,,,147,volume_calibration,37,2023-02-16 18:06:07,2023-02-16 18:06:21,,True,True,False,ModuleState,ModuleState,ModuleState
{},2023-02-16 18:06:09,False,,,148,consent,52,2023-02-16 18:06:09,2023-02-16 18:08:58,,True,True,False,ModuleState,ModuleState,ModuleState
{},2023-02-16 18:06:09,False,,,149,consent,53,2023-02-16 18:06:09,2023-02-16 18:06:57,,True,True,False,ModuleState,ModuleState,ModuleState
{},2023-02-16 18:06:12,False,,,151,consent,54,2023-02-16 18:06:12,,,True,False,False,ModuleState,ModuleState,ModuleState
{},2023-02-16 18:06:16,False,,,152,consent,55,2023-02-16 18:06:16,2023-02-16 18:06:30,,True,True,False,ModuleState,ModuleState,ModuleState
{},2023-02-16 18:06:27,False,,,153,volume_calibration,39,2023-02-16 18:06:27,2023-02-16 18:06:35,,True,True,False,ModuleState,ModuleState,ModuleState
{},2023-02-16 18:06:33,False,,,155,consent,56,2023-02-16 18:06:33,,,True,False,False,ModuleState,ModuleState,ModuleState
{},2023-02-16 18:06:46,False,,,158,volume_calibration,49,2023-02-16 18:06:46,,,True,False,False,ModuleState,ModuleState,ModuleState
{},2023-02-16 18:06:59,False,,,160,volume_calibration,55,2023-02-16 18:06:59,,,True,False,False,ModuleState,ModuleState,ModuleState
{},2023-02-16 18:07:01,False,,,161,volume_calibration,53,2023-02-16 18:07:01,,,True,False,False,ModuleState,ModuleState,ModuleState
{},2023-02-16 18:07:08,False,,,162,consent,57,2023-02-16 18:07:08,2023-02-16 18:07:31,,True,True,False,ModuleState,ModuleState,ModuleState
{},2023-02-16 18:07:09,False,,,163,volume_calibration,48,2023-02-16 18:07:09,2023-02-16 18:07:28,,True,True,False,ModuleState,ModuleState,ModuleState
{},2023-02-16 18:07:17,False,,,165,volume_calibration,46,2023-02-16 18:07:17,,,True,False,False,ModuleState,ModuleState,ModuleState
{},2023-02-16 18:07:22,False,,,167,consent,58,2023-02-16 18:07:22,2023-02-16 18:08:36,,True,True,False,ModuleState,ModuleState,ModuleState
{},2023-02-16 18:07:30,False,,,169,consent,59,2023-02-16 18:07:30,2023-02-16 18:07:44,,True,True,False,ModuleState,ModuleState,ModuleState
{},2023-02-16 18:07:42,False,,,171,consent,60,2023-02-16 18:07:42,2023-02-16 18:07:51,,True,True,False,ModuleState,ModuleState,ModuleState
{},2023-02-16 18:07:45,False,,,172,volume_calibration,51,2023-02-16 18:07:45,2023-02-16 18:07:59,,True,True,False,ModuleState,ModuleState,ModuleState
{},2023-02-16 18:07:54,False,,,173,volume_calibration,60,2023-02-16 18:07:54,,,True,False,False,ModuleState,ModuleState,ModuleState
{},2023-02-16 18:07:57,False,,,174,consent,61,2023-02-16 18:07:57,2023-02-16 18:08:03,,True,True,False,ModuleState,ModuleState,ModuleState
{},2023-02-16 18:07:58,False,,,175,volume_calibration,57,2023-02-16 18:07:58,,,True,False,False,ModuleState,ModuleState,ModuleState
{},2023-02-16 18:08:02,False,,,176,volume_calibration,59,2023-02-16 18:08:02,,,True,False,False,ModuleState,ModuleState,ModuleState
{},2023-02-16 18:08:07,False,,,177,volume_calibration,61,2023-02-16 18:08:07,2023-02-16 18:08:11,,True,True,False,ModuleState,ModuleState,ModuleState
{},2023-02-16 18:08:09,False,,,179,consent,62,2023-02-16 18:08:09,2023-02-16 18:08:49,,True,True,False,ModuleState,ModuleState,ModuleState
{},2023-02-16 18:08:22,False,,,180,consent,63,2023-02-16 18:08:22,2023-02-16 18:09:04,,True,True,False,ModuleState,ModuleState,ModuleState
{},2023-02-16 18:08:39,False,,,182,volume_calibration,58,2023-02-16 18:08:39,,,True,False,False,ModuleState,ModuleState,ModuleState
{},2023-02-16 18:08:53,False,,,184,volume_calibration,62,2023-02-16 18:08:53,,,True,False,False,ModuleState,ModuleState,ModuleState
{},2023-02-16 18:09:06,False,,,186,consent,64,2023-02-16 18:09:06,2023-02-16 18:09:26,,True,True,False,ModuleState,ModuleState,ModuleState
{},2023-02-16 18:09:07,False,,,187,volume_calibration,63,2023-02-16 18:09:07,,,True,False,False,ModuleState,ModuleState,ModuleState
{},2023-02-16 18:09:13,False,,,188,consent,65,2023-02-16 18:09:13,2023-02-16 18:10:05,,True,True,False,ModuleState,ModuleState,ModuleState
{},2023-02-16 18:09:23,False,,,189,consent,66,2023-02-16 18:09:23,2023-02-16 18:10:18,,True,True,False,ModuleState,ModuleState,ModuleState
{},2023-02-16 18:09:24,False,,,190,consent,67,2023-02-16 18:09:24,2023-02-16 18:11:20,,True,True,False,ModuleState,ModuleState,ModuleState
{},2023-02-16 18:09:33,False,,,191,volume_calibration,52,2023-02-16 18:09:33,,,True,False,False,ModuleState,ModuleState,ModuleState
{},2023-02-16 18:09:40,False,,,192,volume_calibration,64,2023-02-16 18:09:40,2023-02-16 18:10:04,,True,True,False,ModuleState,ModuleState,ModuleState
{},2023-02-16 18:09:52,False,,,193,consent,68,2023-02-16 18:09:52,2023-02-16 18:10:33,,True,True,False,ModuleState,ModuleState,ModuleState
{},2023-02-16 18:10:00,False,,,195,consent,69,2023-02-16 18:10:00,2023-02-16 18:11:08,,True,True,False,ModuleState,ModuleState,ModuleState
{},2023-02-16 18:10:16,False,,,196,gmsi,42,2023-02-16 18:10:16,2023-02-16 18:10:52,,True,True,False,ModuleState,ModuleState,ModuleState
{},2023-02-16 18:10:20,False,,,198,volume_calibration,65,2023-02-16 18:10:20,,,True,False,False,ModuleState,ModuleState,ModuleState
{},2023-02-16 18:10:24,False,,,199,consent,70,2023-02-16 18:10:24,2023-02-16 18:10:43,,True,True,False,ModuleState,ModuleState,ModuleState
{},2023-02-16 18:10:36,False,,,200,volume_calibration,68,2023-02-16 18:10:36,,,True,False,False,ModuleState,ModuleState,ModuleState
{},2023-02-16 18:10:46,False,,,201,volume_calibration,70,2023-02-16 18:10:46,2023-02-16 18:10:56,,True,True,False,ModuleState,ModuleState,ModuleState
{},2023-02-16 18:11:22,False,,,204,gmsi,37,2023-02-16 18:11:22,2023-02-16 18:12:17,,True,True,False,ModuleState,ModuleState,ModuleState
{},2023-02-16 18:11:38,False,,,205,volume_calibration,67,2023-02-16 18:11:38,2023-02-16 18:11:46,,True,True,False,ModuleState,ModuleState,ModuleState
{},2023-02-16 18:11:39,False,,,206,volume_calibration,66,2023-02-16 18:11:39,2023-02-16 18:11:46,,True,True,False,ModuleState,ModuleState,ModuleState
{},2023-02-16 18:11:53,False,,,207,gmsi,39,2023-02-16 18:11:53,2023-02-16 18:13:03,,True,True,False,ModuleState,ModuleState,ModuleState
{},2023-02-16 18:11:56,False,,,209,volume_calibration,69,2023-02-16 18:11:56,2023-02-16 18:12:19,,True,True,False,ModuleState,ModuleState,ModuleState
{},2023-02-16 18:12:03,False,,,212,gmsi,44,2023-02-16 18:12:03,2023-02-16 18:13:00,,True,True,False,ModuleState,ModuleState,ModuleState
{},2023-02-16 18:12:34,False,,,214,gmsi,43,2023-02-16 18:12:34,2023-02-16 18:13:08,,True,True,False,ModuleState,ModuleState,ModuleState
{},2023-02-16 18:12:51,False,,,215,consent,71,2023-02-16 18:12:51,2023-02-16 18:12:59,,True,True,False,ModuleState,ModuleState,ModuleState
{},2023-02-16 18:13:07,False,,,218,consent,72,2023-02-16 18:13:07,2023-02-16 18:13:20,,True,True,False,ModuleState,ModuleState,ModuleState
{},2023-02-16 18:13:24,False,,,219,consent,73,2023-02-16 18:13:24,2023-02-16 18:13:56,,True,True,False,ModuleState,ModuleState,ModuleState
{},2023-02-16 18:13:27,False,,,220,consent,74,2023-02-16 18:13:27,2023-02-16 18:14:32,,True,True,False,ModuleState,ModuleState,ModuleState
{},2023-02-16 18:13:36,False,,,221,gmsi,48,2023-02-16 18:13:36,2023-02-16 18:14:30,,True,True,False,ModuleState,ModuleState,ModuleState
{},2023-02-16 18:13:57,False,,,223,consent,75,2023-02-16 18:13:57,2023-02-16 18:14:23,,True,True,False,ModuleState,ModuleState,ModuleState
{},2023-02-16 18:13:57,False,,,224,consent,76,2023-02-16 18:13:57,2023-02-16 18:14:13,,True,True,False,ModuleState,ModuleState,ModuleState
{},2023-02-16 18:13:59,False,,,225,volume_calibration,73,2023-02-16 18:13:59,,,True,False,False,ModuleState,ModuleState,ModuleState
{},2023-02-16 18:14:11,False,,,226,volume_calibration,72,2023-02-16 18:14:11,2023-02-16 18:14:24,,True,True,False,ModuleState,ModuleState,ModuleState
{},2023-02-16 18:14:16,False,,,227,gmsi,51,2023-02-16 18:14:16,2023-02-16 18:15:07,,True,True,False,ModuleState,ModuleState,ModuleState
{},2023-02-16 18:14:36,False,,,229,volume_calibration,74,2023-02-16 18:14:36,2023-02-16 18:14:47,,True,True,False,ModuleState,ModuleState,ModuleState
{},2023-02-16 18:14:42,False,,,230,consent,77,2023-02-16 18:14:42,2023-02-16 18:15:04,,True,True,False,ModuleState,ModuleState,ModuleState
{},2023-02-16 18:14:47,False,,,231,volume_calibration,75,2023-02-16 18:14:47,,,True,False,False,ModuleState,ModuleState,ModuleState
{},2023-02-16 18:14:50,False,,,232,volume_calibration,76,2023-02-16 18:14:50,2023-02-16 18:15:00,,True,True,False,ModuleState,ModuleState,ModuleState
{},2023-02-16 18:15:08,False,,,235,volume_calibration,77,2023-02-16 18:15:08,,,True,False,False,ModuleState,ModuleState,ModuleState
{},2023-02-16 18:15:17,False,,,236,gmsi,64,2023-02-16 18:15:17,2023-02-16 18:16:09,,True,True,False,ModuleState,ModuleState,ModuleState
{},2023-02-16 18:15:28,False,,,238,consent,78,2023-02-16 18:15:28,2023-02-16 18:15:47,,True,True,False,ModuleState,ModuleState,ModuleState
{},2023-02-16 18:15:39,False,,,239,consent,79,2023-02-16 18:15:39,2023-02-16 18:15:58,,True,True,False,ModuleState,ModuleState,ModuleState
{},2023-02-16 18:15:40,False,,,240,gmsi,61,2023-02-16 18:15:40,2023-02-16 18:16:27,,True,True,False,ModuleState,ModuleState,ModuleState
{},2023-02-16 18:16:02,False,,,242,consent,80,2023-02-16 18:16:02,2023-02-16 18:16:41,,True,True,False,ModuleState,ModuleState,ModuleState
{},2023-02-16 18:16:14,False,,,243,volume_calibration,78,2023-02-16 18:16:14,,,True,False,False,ModuleState,ModuleState,ModuleState
{},2023-02-16 18:16:25,False,,,245,consent,81,2023-02-16 18:16:25,2023-02-16 18:16:48,,True,True,False,ModuleState,ModuleState,ModuleState
{},2023-02-16 18:16:43,False,,,246,volume_calibration,71,2023-02-16 18:16:43,2023-02-16 18:16:51,,True,True,False,ModuleState,ModuleState,ModuleState
{},2023-02-16 18:16:51,False,,,247,volume_calibration,81,2023-02-16 18:16:51,,,True,False,False,ModuleState,ModuleState,ModuleState
{},2023-02-16 18:16:51,False,,,248,volume_calibration,80,2023-02-16 18:16:51,2023-02-16 18:17:12,,True,True,False,ModuleState,ModuleState,ModuleState
{},2023-02-16 18:17:06,False,,,250,gmsi,70,2023-02-16 18:17:06,2023-02-16 18:17:54,,True,True,False,ModuleState,ModuleState,ModuleState
{},2023-02-16 18:17:13,False,,,251,volume_calibration,79,2023-02-16 18:17:13,2023-02-16 18:17:30,,True,True,False,ModuleState,ModuleState,ModuleState
{},2023-02-16 18:17:22,False,,,253,gmsi,67,2023-02-16 18:17:22,2023-02-16 18:18:26,,True,True,False,ModuleState,ModuleState,ModuleState
{},2023-02-16 18:17:38,False,,,254,consent,82,2023-02-16 18:17:38,2023-02-16 18:18:40,,True,True,False,ModuleState,ModuleState,ModuleState
{},2023-02-16 18:18:39,False,,,258,gmsi,69,2023-02-16 18:18:39,2023-02-16 18:19:31,,True,True,False,ModuleState,ModuleState,ModuleState
{},2023-02-16 18:18:45,False,,,259,volume_calibration,82,2023-02-16 18:18:45,,,True,False,False,ModuleState,ModuleState,ModuleState
{},2023-02-16 18:19:59,False,,,261,gmsi,76,2023-02-16 18:19:59,2023-02-16 18:20:52,,True,True,False,ModuleState,ModuleState,ModuleState
{},2023-02-16 18:20:02,False,,,262,gmsi,72,2023-02-16 18:20:02,2023-02-16 18:20:53,,True,True,False,ModuleState,ModuleState,ModuleState
{},2023-02-16 18:22:25,False,,,263,gmsi,80,2023-02-16 18:22:25,2023-02-16 18:23:13,,True,True,False,ModuleState,ModuleState,ModuleState
{},2023-02-16 18:22:41,False,,,264,gmsi,74,2023-02-16 18:22:41,2023-02-16 18:24:10,,True,True,False,ModuleState,ModuleState,ModuleState
{},2023-02-16 18:23:11,False,,,265,gmsi,79,2023-02-16 18:23:11,2023-02-16 18:23:53,,True,True,False,ModuleState,ModuleState,ModuleState
{},2023-02-16 18:23:55,False,,,266,gmsi,71,2023-02-16 18:23:55,2023-02-16 18:25:25,,True,True,False,ModuleState,ModuleState,ModuleState
{},2023-02-16 19:46:30,False,,,267,consent,83,2023-02-16 19:46:30,2023-02-16 19:46:41,,True,True,False,ModuleState,ModuleState,ModuleState
{},2023-02-16 19:46:31,False,,,268,consent,84,2023-02-16 19:46:31,2023-02-16 19:47:16,,True,True,False,ModuleState,ModuleState,ModuleState
{},2023-02-16 19:46:35,False,,,269,consent,85,2023-02-16 19:46:35,2023-02-16 19:47:30,,True,True,False,ModuleState,ModuleState,ModuleState
{},2023-02-16 19:46:35,False,,,270,consent,86,2023-02-16 19:46:35,2023-02-16 19:46:49,,True,True,False,ModuleState,ModuleState,ModuleState
{},2023-02-16 19:46:45,False,,,271,volume_calibration,83,2023-02-16 19:46:45,2023-02-16 19:46:54,,True,True,False,ModuleState,ModuleState,ModuleState
{},2023-02-16 19:46:46,False,,,272,consent,87,2023-02-16 19:46:46,2023-02-16 19:46:53,,True,True,False,ModuleState,ModuleState,ModuleState
{},2023-02-16 19:46:49,False,,,273,consent,88,2023-02-16 19:46:49,2023-02-16 19:48:34,,True,True,False,ModuleState,ModuleState,ModuleState
{},2023-02-16 19:46:50,False,,,274,consent,89,2023-02-16 19:46:50,2023-02-16 19:47:28,,True,True,False,ModuleState,ModuleState,ModuleState
{},2023-02-16 19:46:53,False,,,275,volume_calibration,86,2023-02-16 19:46:53,2023-02-16 19:46:58,,True,True,False,ModuleState,ModuleState,ModuleState
{},2023-02-16 19:46:54,False,,,276,consent,90,2023-02-16 19:46:54,2023-02-16 19:47:23,,True,True,False,ModuleState,ModuleState,ModuleState
{},2023-02-16 19:46:56,False,,,277,volume_calibration,87,2023-02-16 19:46:56,,,True,False,False,ModuleState,ModuleState,ModuleState
{},2023-02-16 19:47:00,False,,,278,consent,91,2023-02-16 19:47:00,,,True,False,False,ModuleState,ModuleState,ModuleState
{},2023-02-16 19:47:01,False,,,280,consent,92,2023-02-16 19:47:01,2023-02-16 19:48:13,,True,True,False,ModuleState,ModuleState,ModuleState
{},2023-02-16 19:47:02,False,,,281,consent,93,2023-02-16 19:47:02,2023-02-16 19:48:16,,True,True,False,ModuleState,ModuleState,ModuleState
{},2023-02-16 19:47:04,False,,,282,consent,94,2023-02-16 19:47:04,2023-02-16 19:47:26,,True,True,False,ModuleState,ModuleState,ModuleState
{},2023-02-16 19:47:04,False,,,283,consent,95,2023-02-16 19:47:04,,,True,False,False,ModuleState,ModuleState,ModuleState
{},2023-02-16 19:47:17,False,,,284,consent,96,2023-02-16 19:47:17,2023-02-16 19:47:49,,True,True,False,ModuleState,ModuleState,ModuleState
{},2023-02-16 19:47:20,False,,,285,volume_calibration,84,2023-02-16 19:47:20,2023-02-16 19:47:34,,True,True,False,ModuleState,ModuleState,ModuleState
{},2023-02-16 19:47:22,False,,,286,consent,97,2023-02-16 19:47:22,2023-02-16 19:47:30,,True,True,False,ModuleState,ModuleState,ModuleState
{},2023-02-16 19:47:27,False,,,287,consent,98,2023-02-16 19:47:27,2023-02-16 19:47:52,,True,True,False,ModuleState,ModuleState,ModuleState
{},2023-02-16 19:47:30,False,,,288,volume_calibration,94,2023-02-16 19:47:30,2023-02-16 19:47:36,,True,True,False,ModuleState,ModuleState,ModuleState
{},2023-02-16 19:47:32,False,,,290,volume_calibration,85,2023-02-16 19:47:32,2023-02-16 19:47:37,,True,True,False,ModuleState,ModuleState,ModuleState
{},2023-02-16 19:47:33,False,,,291,volume_calibration,89,2023-02-16 19:47:33,2023-02-16 19:47:44,,True,True,False,ModuleState,ModuleState,ModuleState
{},2023-02-16 19:47:34,False,,,292,volume_calibration,97,2023-02-16 19:47:34,,,True,False,False,ModuleState,ModuleState,ModuleState
{},2023-02-16 19:47:48,False,,,296,consent,99,2023-02-16 19:47:48,2023-02-16 19:48:00,,True,True,False,ModuleState,ModuleState,ModuleState
{},2023-02-16 19:47:50,False,,,298,consent,100,2023-02-16 19:47:50,2023-02-16 19:48:05,,True,True,False,ModuleState,ModuleState,ModuleState
{},2023-02-16 19:47:55,False,,,299,volume_calibration,98,2023-02-16 19:47:55,,,True,False,False,ModuleState,ModuleState,ModuleState
{},2023-02-16 19:48:07,False,,,300,volume_calibration,100,2023-02-16 19:48:07,,,True,False,False,ModuleState,ModuleState,ModuleState
{},2023-02-16 19:48:08,False,,,301,consent,101,2023-02-16 19:48:08,2023-02-16 19:49:11,,True,True,False,ModuleState,ModuleState,ModuleState
{},2023-02-16 19:48:11,False,,,302,consent,102,2023-02-16 19:48:11,2023-02-16 19:48:22,,True,True,False,ModuleState,ModuleState,ModuleState
{},2023-02-16 19:48:15,False,,,303,consent,104,2023-02-16 19:48:15,2023-02-16 19:50:08,,True,True,False,ModuleState,ModuleState,ModuleState
{},2023-02-16 19:48:15,False,,,304,consent,103,2023-02-16 19:48:15,,,True,False,False,ModuleState,ModuleState,ModuleState
{},2023-02-16 19:48:17,False,,,305,volume_calibration,92,2023-02-16 19:48:17,2023-02-16 19:48:30,,True,True,False,ModuleState,ModuleState,ModuleState
{},2023-02-16 19:48:18,False,,,306,consent,105,2023-02-16 19:48:18,,,True,False,False,ModuleState,ModuleState,ModuleState
{},2023-02-16 19:48:21,False,,,307,volume_calibration,93,2023-02-16 19:48:21,,,True,False,False,ModuleState,ModuleState,ModuleState
{},2023-02-16 19:48:25,False,,,308,volume_calibration,99,2023-02-16 19:48:25,,,True,False,False,ModuleState,ModuleState,ModuleState
{},2023-02-16 19:48:25,False,,,309,volume_calibration,102,2023-02-16 19:48:25,2023-02-16 19:48:44,,True,True,False,ModuleState,ModuleState,ModuleState
{},2023-02-16 19:48:34,False,,,312,volume_calibration,90,2023-02-16 19:48:34,2023-02-16 19:48:52,,True,True,False,ModuleState,ModuleState,ModuleState
{},2023-02-16 19:48:38,False,,,315,volume_calibration,88,2023-02-16 19:48:38,,,True,False,False,ModuleState,ModuleState,ModuleState
{},2023-02-16 19:48:54,False,,,318,consent,106,2023-02-16 19:48:54,2023-02-16 19:49:27,,True,True,False,ModuleState,ModuleState,ModuleState
{},2023-02-16 19:48:55,False,,,319,consent,107,2023-02-16 19:48:55,2023-02-16 19:49:08,,True,True,False,ModuleState,ModuleState,ModuleState
{},2023-02-16 19:49:02,False,,,321,consent,108,2023-02-16 19:49:02,2023-02-16 19:51:28,,True,True,False,ModuleState,ModuleState,ModuleState
{},2023-02-16 19:49:07,False,,,322,consent,109,2023-02-16 19:49:07,2023-02-16 19:49:49,,True,True,False,ModuleState,ModuleState,ModuleState
{},2023-02-16 19:49:08,False,,,323,consent,110,2023-02-16 19:49:08,2023-02-16 19:49:42,,True,True,False,ModuleState,ModuleState,ModuleState
{},2023-02-16 19:49:18,False,,,324,volume_calibration,101,2023-02-16 19:49:18,2023-02-16 19:49:26,,True,True,False,ModuleState,ModuleState,ModuleState
{},2023-02-16 19:49:23,False,,,325,volume_calibration,107,2023-02-16 19:49:23,2023-02-16 19:50:05,,True,True,False,ModuleState,ModuleState,ModuleState
{},2023-02-16 19:49:30,False,,,326,volume_calibration,106,2023-02-16 19:49:30,,,True,False,False,ModuleState,ModuleState,ModuleState
{},2023-02-16 19:49:33,False,,,327,consent,111,2023-02-16 19:49:33,2023-02-16 19:49:59,,True,True,False,ModuleState,ModuleState,ModuleState
{},2023-02-16 19:49:47,False,,,330,volume_calibration,110,2023-02-16 19:49:47,,,True,False,False,ModuleState,ModuleState,ModuleState
{},2023-02-16 19:49:55,False,,,333,volume_calibration,109,2023-02-16 19:49:55,2023-02-16 19:50:05,,True,True,False,ModuleState,ModuleState,ModuleState
{},2023-02-16 19:50:02,False,,,334,consent,112,2023-02-16 19:50:02,2023-02-16 19:54:15,,True,True,False,ModuleState,ModuleState,ModuleState
{},2023-02-16 19:50:14,False,,,337,volume_calibration,104,2023-02-16 19:50:14,2023-02-16 19:51:08,,True,True,False,ModuleState,ModuleState,ModuleState
{},2023-02-16 19:50:20,False,,,339,volume_calibration,96,2023-02-16 19:50:20,2023-02-16 19:52:16,,True,True,False,ModuleState,ModuleState,ModuleState
{},2023-02-16 19:50:54,False,,,341,consent,113,2023-02-16 19:50:54,2023-02-16 19:51:29,,True,True,False,ModuleState,ModuleState,ModuleState
{},2023-02-16 19:51:09,False,,,342,volume_calibration,111,2023-02-16 19:51:09,2023-02-16 19:51:27,,True,True,False,ModuleState,ModuleState,ModuleState
{},2023-02-16 19:51:17,False,,,344,consent,114,2023-02-16 19:51:17,2023-02-16 19:51:26,,True,True,False,ModuleState,ModuleState,ModuleState
{},2023-02-16 19:51:30,False,,,346,consent,115,2023-02-16 19:51:30,2023-02-16 19:52:15,,True,True,False,ModuleState,ModuleState,ModuleState
{},2023-02-16 19:51:30,False,,,347,consent,116,2023-02-16 19:51:30,2023-02-16 19:51:38,,True,True,False,ModuleState,ModuleState,ModuleState
{},2023-02-16 19:51:32,False,,,348,volume_calibration,113,2023-02-16 19:51:32,2023-02-16 19:51:38,,True,True,False,ModuleState,ModuleState,ModuleState
{},2023-02-16 19:51:37,False,,,350,volume_calibration,108,2023-02-16 19:51:37,,,True,False,False,ModuleState,ModuleState,ModuleState
{},2023-02-16 19:51:42,False,,,352,volume_calibration,116,2023-02-16 19:51:42,2023-02-16 19:51:50,,True,True,False,ModuleState,ModuleState,ModuleState
{},2023-02-16 19:51:54,False,,,354,volume_calibration,114,2023-02-16 19:51:54,2023-02-16 19:52:07,,True,True,False,ModuleState,ModuleState,ModuleState
{},2023-02-16 19:52:09,False,,,356,consent,117,2023-02-16 19:52:09,2023-02-16 19:52:17,,True,True,False,ModuleState,ModuleState,ModuleState
{},2023-02-16 19:52:17,False,,,358,consent,118,2023-02-16 19:52:17,,,True,False,False,ModuleState,ModuleState,ModuleState
{},2023-02-16 19:52:20,False,,,359,volume_calibration,117,2023-02-16 19:52:20,2023-02-16 19:52:25,,True,True,False,ModuleState,ModuleState,ModuleState
{},2023-02-16 19:52:20,False,,,360,volume_calibration,115,2023-02-16 19:52:20,,,True,False,False,ModuleState,ModuleState,ModuleState
{},2023-02-16 19:52:28,False,,,364,consent,119,2023-02-16 19:52:28,2023-02-16 19:53:39,,True,True,False,ModuleState,ModuleState,ModuleState
{},2023-02-16 19:52:37,False,,,366,gmsi,85,2023-02-16 19:52:37,2023-02-16 19:53:13,,True,True,False,ModuleState,ModuleState,ModuleState
{},2023-02-16 19:53:19,False,,,372,consent,120,2023-02-16 19:53:19,2023-02-16 19:56:27,,True,True,False,ModuleState,ModuleState,ModuleState
{},2023-02-16 19:53:21,False,,,373,gmsi,94,2023-02-16 19:53:21,2023-02-16 19:53:57,,True,True,False,ModuleState,ModuleState,ModuleState
{},2023-02-16 19:53:32,False,,,374,gmsi,84,2023-02-16 19:53:32,2023-02-16 19:53:51,,True,True,False,ModuleState,ModuleState,ModuleState
{},2023-02-16 19:53:37,False,,,375,consent,121,2023-02-16 19:53:37,,,True,False,False,ModuleState,ModuleState,ModuleState
{},2023-02-16 19:53:42,False,,,376,volume_calibration,119,2023-02-16 19:53:42,2023-02-16 19:54:02,,True,True,False,ModuleState,ModuleState,ModuleState
{},2023-02-16 19:53:52,False,,,377,consent,122,2023-02-16 19:53:52,2023-02-16 19:53:59,,True,True,False,ModuleState,ModuleState,ModuleState
{},2023-02-16 19:54:02,False,,,378,volume_calibration,122,2023-02-16 19:54:02,,,True,False,False,ModuleState,ModuleState,ModuleState
{},2023-02-16 19:54:25,False,,,380,gmsi,90,2023-02-16 19:54:25,2023-02-16 19:55:23,,True,True,False,ModuleState,ModuleState,ModuleState
{},2023-02-16 19:54:25,False,,,381,gmsi,92,2023-02-16 19:54:25,2023-02-16 19:55:43,,True,True,False,ModuleState,ModuleState,ModuleState
{},2023-02-16 19:54:33,False,,,382,consent,123,2023-02-16 19:54:33,2023-02-16 19:55:16,,True,True,False,ModuleState,ModuleState,ModuleState
{},2023-02-16 19:54:46,False,,,383,gmsi,101,2023-02-16 19:54:46,2023-02-16 19:55:31,,True,True,False,ModuleState,ModuleState,ModuleState
{},2023-02-16 19:55:12,False,,,385,gmsi,102,2023-02-16 19:55:12,2023-02-16 19:55:53,,True,True,False,ModuleState,ModuleState,ModuleState
{},2023-02-16 19:55:13,False,,,386,consent,124,2023-02-16 19:55:13,2023-02-16 19:55:34,,True,True,False,ModuleState,ModuleState,ModuleState
{},2023-02-16 19:55:22,False,,,387,volume_calibration,123,2023-02-16 19:55:22,2023-02-16 19:55:38,,True,True,False,ModuleState,ModuleState,ModuleState
{},2023-02-16 19:55:28,False,,,388,gmsi,107,2023-02-16 19:55:28,2023-02-16 19:56:09,,True,True,False,ModuleState,ModuleState,ModuleState
{},2023-02-16 19:55:37,False,,,389,volume_calibration,124,2023-02-16 19:55:37,2023-02-16 19:55:42,,True,True,False,ModuleState,ModuleState,ModuleState
{},2023-02-16 19:56:09,False,,,392,volume_calibration,112,2023-02-16 19:56:09,,,True,False,False,ModuleState,ModuleState,ModuleState
{},2023-02-16 19:56:48,False,,,394,gmsi,109,2023-02-16 19:56:48,2023-02-16 19:57:39,,True,True,False,ModuleState,ModuleState,ModuleState
{},2023-02-16 19:56:51,False,,,395,gmsi,104,2023-02-16 19:56:51,2023-02-16 19:57:46,,True,True,False,ModuleState,ModuleState,ModuleState
{},2023-02-16 19:57:05,False,,,396,gmsi,96,2023-02-16 19:57:05,2023-02-16 19:57:51,,True,True,False,ModuleState,ModuleState,ModuleState
{},2023-02-16 19:57:13,False,,,398,gmsi,117,2023-02-16 19:57:13,2023-02-16 19:57:44,,True,True,False,ModuleState,ModuleState,ModuleState
{},2023-02-16 19:57:15,False,,,399,gmsi,114,2023-02-16 19:57:15,2023-02-16 19:58:08,,True,True,False,ModuleState,ModuleState,ModuleState
{},2023-02-16 19:57:29,False,,,400,gmsi,111,2023-02-16 19:57:29,2023-02-16 19:58:15,,True,True,False,ModuleState,ModuleState,ModuleState
{},2023-02-16 19:57:50,False,,,401,consent,125,2023-02-16 19:57:50,2023-02-16 19:59:11,,True,True,False,ModuleState,ModuleState,ModuleState
{},2023-02-16 19:57:54,False,,,402,consent,126,2023-02-16 19:57:54,,,True,False,False,ModuleState,ModuleState,ModuleState
{},2023-02-16 19:58:02,False,,,403,gmsi,113,2023-02-16 19:58:02,2023-02-16 19:58:54,,True,True,False,ModuleState,ModuleState,ModuleState
{},2023-02-16 19:58:21,False,,,404,consent,127,2023-02-16 19:58:21,2023-02-16 19:59:45,,True,True,False,ModuleState,ModuleState,ModuleState
{},2023-02-16 19:58:31,False,,,405,gmsi,116,2023-02-16 19:58:31,2023-02-16 19:59:15,,True,True,False,ModuleState,ModuleState,ModuleState
{},2023-02-16 19:58:39,False,,,406,volume_calibration,120,2023-02-16 19:58:39,,,True,False,False,ModuleState,ModuleState,ModuleState
{},2023-02-16 19:59:04,False,,,407,consent,128,2023-02-16 19:59:04,2023-02-16 19:59:50,,True,True,False,ModuleState,ModuleState,ModuleState
{},2023-02-16 19:59:31,False,,,408,consent,129,2023-02-16 19:59:31,2023-02-16 19:59:51,,True,True,False,ModuleState,ModuleState,ModuleState
{},2023-02-16 19:59:43,False,,,409,consent,130,2023-02-16 19:59:43,2023-02-16 20:00:14,,True,True,False,ModuleState,ModuleState,ModuleState
{},2023-02-16 19:59:44,False,,,410,consent,131,2023-02-16 19:59:44,2023-02-16 20:00:17,,True,True,False,ModuleState,ModuleState,ModuleState
{},2023-02-16 19:59:48,False,,,411,volume_calibration,127,2023-02-16 19:59:48,,,True,False,False,ModuleState,ModuleState,ModuleState
{},2023-02-16 19:59:52,False,,,412,consent,132,2023-02-16 19:59:52,2023-02-16 20:05:27,,True,True,False,ModuleState,ModuleState,ModuleState
{},2023-02-16 19:59:54,False,,,413,volume_calibration,128,2023-02-16 19:59:54,2023-02-16 20:00:00,,True,True,False,ModuleState,ModuleState,ModuleState
{},2023-02-16 19:59:55,False,,,414,consent,133,2023-02-16 19:59:55,2023-02-16 20:00:32,,True,True,False,ModuleState,ModuleState,ModuleState
{},2023-02-16 19:59:56,False,,,415,volume_calibration,125,2023-02-16 19:59:56,2023-02-16 20:00:06,,True,True,False,ModuleState,ModuleState,ModuleState
{},2023-02-16 19:59:56,False,,,416,consent,134,2023-02-16 19:59:56,2023-02-16 20:00:03,,True,True,False,ModuleState,ModuleState,ModuleState
{},2023-02-16 19:59:57,False,,,417,gmsi,119,2023-02-16 19:59:57,2023-02-16 20:00:33,,True,True,False,ModuleState,ModuleState,ModuleState
{},2023-02-16 19:59:57,False,,,418,volume_calibration,129,2023-02-16 19:59:57,,,True,False,False,ModuleState,ModuleState,ModuleState
{},2023-02-16 19:59:58,False,,,419,consent,135,2023-02-16 19:59:58,2023-02-16 20:00:07,,True,True,False,ModuleState,ModuleState,ModuleState
{},2023-02-16 20:00:03,False,,,420,gmsi,124,2023-02-16 20:00:03,2023-02-16 20:00:42,,True,True,False,ModuleState,ModuleState,ModuleState
{},2023-02-16 20:00:06,False,,,422,volume_calibration,134,2023-02-16 20:00:06,,,True,False,False,ModuleState,ModuleState,ModuleState
{},2023-02-16 20:00:09,False,,,423,consent,136,2023-02-16 20:00:09,2023-02-16 20:00:37,,True,True,False,ModuleState,ModuleState,ModuleState
{},2023-02-16 20:00:11,False,,,424,volume_calibration,135,2023-02-16 20:00:11,,,True,False,False,ModuleState,ModuleState,ModuleState
{},2023-02-16 20:00:11,False,,,425,consent,137,2023-02-16 20:00:11,2023-02-16 20:01:01,,True,True,False,ModuleState,ModuleState,ModuleState
{},2023-02-16 20:00:12,False,,,426,consent,138,2023-02-16 20:00:12,2023-02-16 20:01:06,,True,True,False,ModuleState,ModuleState,ModuleState
{},2023-02-16 20:00:19,False,,,427,gmsi,86,2023-02-16 20:00:19,2023-02-16 20:00:49,,True,True,False,ModuleState,ModuleState,ModuleState
{},2023-02-16 20:00:21,False,,,428,volume_calibration,131,2023-02-16 20:00:21,,,True,False,False,ModuleState,ModuleState,ModuleState
{},2023-02-16 20:00:23,False,,,429,consent,139,2023-02-16 20:00:23,2023-02-16 20:00:34,,True,True,False,ModuleState,ModuleState,ModuleState
{},2023-02-16 20:00:36,False,,,430,volume_calibration,133,2023-02-16 20:00:36,,,True,False,False,ModuleState,ModuleState,ModuleState
{},2023-02-16 20:00:46,False,,,431,consent,140,2023-02-16 20:00:46,2023-02-16 20:00:58,,True,True,False,ModuleState,ModuleState,ModuleState
{},2023-02-16 20:00:48,False,,,432,volume_calibration,130,2023-02-16 20:00:48,2023-02-16 20:01:07,,True,True,False,ModuleState,ModuleState,ModuleState
{},2023-02-16 20:00:53,False,,,433,volume_calibration,139,2023-02-16 20:00:53,2023-02-16 20:01:20,,True,True,False,ModuleState,ModuleState,ModuleState
{},2023-02-16 20:00:53,False,,,434,consent,141,2023-02-16 20:00:53,2023-02-16 20:02:33,,True,True,False,ModuleState,ModuleState,ModuleState
{},2023-02-16 20:00:54,False,,,436,volume_calibration,136,2023-02-16 20:00:54,,,True,False,False,ModuleState,ModuleState,ModuleState
{},2023-02-16 20:00:57,False,,,437,consent,142,2023-02-16 20:00:57,2023-02-16 20:03:01,,True,True,False,ModuleState,ModuleState,ModuleState
{},2023-02-16 20:01:01,False,,,438,volume_calibration,140,2023-02-16 20:01:01,2023-02-16 20:01:07,,True,True,False,ModuleState,ModuleState,ModuleState
{},2023-02-16 20:01:12,False,,,440,volume_calibration,137,2023-02-16 20:01:12,2023-02-16 20:01:29,,True,True,False,ModuleState,ModuleState,ModuleState
{},2023-02-16 20:01:48,False,,,444,consent,143,2023-02-16 20:01:48,2023-02-16 20:02:21,,True,True,False,ModuleState,ModuleState,ModuleState
{},2023-02-16 20:01:55,False,,,445,consent,144,2023-02-16 20:01:55,2023-02-16 20:02:12,,True,True,False,ModuleState,ModuleState,ModuleState
{},2023-02-16 20:02:09,False,,,448,consent,145,2023-02-16 20:02:09,2023-02-16 20:02:53,,True,True,False,ModuleState,ModuleState,ModuleState
{},2023-02-16 20:02:10,False,,,449,consent,146,2023-02-16 20:02:10,2023-02-16 20:02:25,,True,True,False,ModuleState,ModuleState,ModuleState
{},2023-02-16 20:02:12,False,,,451,gmsi,123,2023-02-16 20:02:12,2023-02-16 20:02:57,,True,True,False,ModuleState,ModuleState,ModuleState
{},2023-02-16 20:02:14,False,,,452,consent,147,2023-02-16 20:02:14,2023-02-16 20:02:27,,True,True,False,ModuleState,ModuleState,ModuleState
{},2023-02-16 20:02:16,False,,,453,consent,148,2023-02-16 20:02:16,2023-02-16 20:02:35,,True,True,False,ModuleState,ModuleState,ModuleState
{},2023-02-16 20:02:18,False,,,454,volume_calibration,144,2023-02-16 20:02:18,2023-02-16 20:02:27,,True,True,False,ModuleState,ModuleState,ModuleState
{},2023-02-16 20:02:24,False,,,455,volume_calibration,143,2023-02-16 20:02:24,,,True,False,False,ModuleState,ModuleState,ModuleState
{},2023-02-16 20:02:27,False,,,456,volume_calibration,146,2023-02-16 20:02:27,,,True,False,False,ModuleState,ModuleState,ModuleState
{},2023-02-16 20:02:38,False,,,459,volume_calibration,148,2023-02-16 20:02:38,,,True,False,False,ModuleState,ModuleState,ModuleState
{},2023-02-16 20:02:39,False,,,460,volume_calibration,141,2023-02-16 20:02:39,2023-02-16 20:02:47,,True,True,False,ModuleState,ModuleState,ModuleState
{},2023-02-16 20:02:56,False,,,462,volume_calibration,145,2023-02-16 20:02:56,2023-02-16 20:03:07,,True,True,False,ModuleState,ModuleState,ModuleState
{},2023-02-16 20:02:57,False,,,463,consent,149,2023-02-16 20:02:57,2023-02-16 20:03:21,,True,True,False,ModuleState,ModuleState,ModuleState
{},2023-02-16 20:03:15,False,,,465,consent,150,2023-02-16 20:03:15,2023-02-16 20:03:29,,True,True,False,ModuleState,ModuleState,ModuleState
{},2023-02-16 20:03:18,False,,,466,volume_calibration,147,2023-02-16 20:03:18,2023-02-16 20:04:09,,True,True,False,ModuleState,ModuleState,ModuleState
{},2023-02-16 20:03:18,False,,,467,consent,151,2023-02-16 20:03:18,2023-02-16 20:05:11,,True,True,False,ModuleState,ModuleState,ModuleState
{},2023-02-16 20:03:25,False,,,468,volume_calibration,149,2023-02-16 20:03:25,2023-02-16 20:03:35,,True,True,False,ModuleState,ModuleState,ModuleState
{},2023-02-16 20:03:48,False,,,471,consent,152,2023-02-16 20:03:48,2023-02-16 20:04:24,,True,True,False,ModuleState,ModuleState,ModuleState
{},2023-02-16 20:03:57,False,,,472,consent,153,2023-02-16 20:03:57,,,True,False,False,ModuleState,ModuleState,ModuleState
{},2023-02-16 20:04:03,False,,,474,volume_calibration,150,2023-02-16 20:04:03,2023-02-16 20:04:14,,True,True,False,ModuleState,ModuleState,ModuleState
{},2023-02-16 20:04:15,False,,,475,consent,154,2023-02-16 20:04:15,,,True,False,False,ModuleState,ModuleState,ModuleState
{},2023-02-16 20:04:58,False,,,481,volume_calibration,142,2023-02-16 20:04:58,2023-02-16 20:05:08,,True,True,False,ModuleState,ModuleState,ModuleState
{},2023-02-16 20:05:15,False,,,484,consent,155,2023-02-16 20:05:15,2023-02-16 20:06:44,,True,True,False,ModuleState,ModuleState,ModuleState
{},2023-02-16 20:05:16,False,,,486,consent,156,2023-02-16 20:05:16,2023-02-16 20:08:28,,True,True,False,ModuleState,ModuleState,ModuleState
{},2023-02-16 20:05:31,False,,,487,volume_calibration,132,2023-02-16 20:05:31,,,True,False,False,ModuleState,ModuleState,ModuleState
{},2023-02-16 20:05:49,False,,,488,consent,157,2023-02-16 20:05:49,2023-02-16 20:06:43,,True,True,False,ModuleState,ModuleState,ModuleState
{},2023-02-16 20:05:53,False,,,489,volume_calibration,152,2023-02-16 20:05:53,2023-02-16 20:06:03,,True,True,False,ModuleState,ModuleState,ModuleState
{},2023-02-16 20:06:10,False,,,490,consent,158,2023-02-16 20:06:10,2023-02-16 20:06:27,,True,True,False,ModuleState,ModuleState,ModuleState
{},2023-02-16 20:06:25,False,,,493,consent,159,2023-02-16 20:06:25,2023-02-16 20:07:40,,True,True,False,ModuleState,ModuleState,ModuleState
{},2023-02-16 20:06:32,False,,,494,volume_calibration,158,2023-02-16 20:06:32,,,True,False,False,ModuleState,ModuleState,ModuleState
{},2023-02-16 20:06:49,False,,,495,volume_calibration,157,2023-02-16 20:06:49,,,True,False,False,ModuleState,ModuleState,ModuleState
{},2023-02-16 20:06:52,False,,,496,volume_calibration,155,2023-02-16 20:06:52,2023-02-16 20:07:02,,True,True,False,ModuleState,ModuleState,ModuleState
{},2023-02-16 20:06:54,False,,,497,volume_calibration,151,2023-02-16 20:06:54,2023-02-16 20:08:39,,True,True,False,ModuleState,ModuleState,ModuleState
{},2023-02-16 20:07:02,False,,,498,gmsi,140,2023-02-16 20:07:02,2023-02-16 20:07:53,,True,True,False,ModuleState,ModuleState,ModuleState
{},2023-02-16 20:07:07,False,,,499,gmsi,128,2023-02-16 20:07:07,2023-02-16 20:08:03,,True,True,False,ModuleState,ModuleState,ModuleState
{},2023-02-16 20:07:10,False,,,501,consent,160,2023-02-16 20:07:10,2023-02-16 20:08:09,,True,True,False,ModuleState,ModuleState,ModuleState
{},2023-02-16 20:07:11,False,,,502,gmsi,125,2023-02-16 20:07:11,2023-02-16 20:08:01,,True,True,False,ModuleState,ModuleState,ModuleState
{},2023-02-16 20:07:36,False,,,504,consent,161,2023-02-16 20:07:36,2023-02-16 20:08:27,,True,True,False,ModuleState,ModuleState,ModuleState
{},2023-02-16 20:08:09,False,,,505,gmsi,144,2023-02-16 20:08:09,2023-02-16 20:08:43,,True,True,False,ModuleState,ModuleState,ModuleState
{},2023-02-16 20:08:12,False,,,506,volume_calibration,160,2023-02-16 20:08:12,,,True,False,False,ModuleState,ModuleState,ModuleState
{},2023-02-16 20:08:23,False,,,507,gmsi,130,2023-02-16 20:08:23,2023-02-16 20:09:59,,True,True,False,ModuleState,ModuleState,ModuleState
{},2023-02-16 20:08:31,False,,,508,volume_calibration,156,2023-02-16 20:08:31,2023-02-16 20:08:39,,True,True,False,ModuleState,ModuleState,ModuleState
{},2023-02-16 20:08:31,False,,,509,volume_calibration,161,2023-02-16 20:08:31,2023-02-16 20:08:36,,True,True,False,ModuleState,ModuleState,ModuleState
{},2023-02-16 20:08:39,False,,,511,volume_calibration,159,2023-02-16 20:08:39,2023-02-16 20:08:57,,True,True,False,ModuleState,ModuleState,ModuleState
{},2023-02-16 20:08:53,False,,,514,gmsi,139,2023-02-16 20:08:53,2023-02-16 20:10:39,,True,True,False,ModuleState,ModuleState,ModuleState
{},2023-02-16 20:08:58,False,,,515,gmsi,150,2023-02-16 20:08:58,2023-02-16 20:09:33,,True,True,False,ModuleState,ModuleState,ModuleState
{},2023-02-16 20:09:09,False,,,518,gmsi,149,2023-02-16 20:09:09,2023-02-16 20:09:52,,True,True,False,ModuleState,ModuleState,ModuleState
{},2023-02-16 20:09:15,False,,,519,gmsi,141,2023-02-16 20:09:15,2023-02-16 20:10:31,,True,True,False,ModuleState,ModuleState,ModuleState
{},2023-02-16 20:09:40,False,,,520,gmsi,145,2023-02-16 20:09:40,2023-02-16 20:10:32,,True,True,False,ModuleState,ModuleState,ModuleState
{},2023-02-16 20:09:56,False,,,522,gmsi,147,2023-02-16 20:09:56,2023-02-16 20:10:52,,True,True,False,ModuleState,ModuleState,ModuleState
{},2023-02-16 20:10:06,False,,,523,consent,162,2023-02-16 20:10:06,2023-02-16 20:11:05,,True,True,False,ModuleState,ModuleState,ModuleState
{},2023-02-16 20:10:08,False,,,524,consent,163,2023-02-16 20:10:08,2023-02-16 20:10:43,,True,True,False,ModuleState,ModuleState,ModuleState
{},2023-02-16 20:10:39,False,,,527,gmsi,142,2023-02-16 20:10:39,2023-02-16 20:11:27,,True,True,False,ModuleState,ModuleState,ModuleState
{},2023-02-16 20:10:45,False,,,528,volume_calibration,163,2023-02-16 20:10:45,2023-02-16 20:10:57,,True,True,False,ModuleState,ModuleState,ModuleState
{},2023-02-16 20:11:10,False,,,530,volume_calibration,162,2023-02-16 20:11:10,,,True,False,False,ModuleState,ModuleState,ModuleState
{},2023-02-16 20:11:22,False,,,531,consent,164,2023-02-16 20:11:22,,,True,False,False,ModuleState,ModuleState,ModuleState
{},2023-02-16 20:12:29,False,,,533,gmsi,152,2023-02-16 20:12:29,2023-02-16 20:12:57,,True,True,False,ModuleState,ModuleState,ModuleState
{},2023-02-16 20:13:34,False,,,534,consent,165,2023-02-16 20:13:34,2023-02-16 20:14:22,,True,True,False,ModuleState,ModuleState,ModuleState
{},2023-02-16 20:14:29,False,,,535,volume_calibration,165,2023-02-16 20:14:29,,,True,False,False,ModuleState,ModuleState,ModuleState
{},2023-02-16 20:14:36,False,,,536,gmsi,155,2023-02-16 20:14:36,2023-02-16 20:15:35,,True,True,False,ModuleState,ModuleState,ModuleState
{},2023-02-16 20:14:41,False,,,537,gmsi,161,2023-02-16 20:14:41,2023-02-16 20:15:35,,True,True,False,ModuleState,ModuleState,ModuleState
{},2023-02-16 20:15:55,False,,,538,gmsi,159,2023-02-16 20:15:55,2023-02-16 20:16:55,,True,True,False,ModuleState,ModuleState,ModuleState
{},2023-02-16 20:16:32,False,,,539,gmsi,163,2023-02-16 20:16:32,2023-02-16 20:17:10,,True,True,False,ModuleState,ModuleState,ModuleState
{},2023-02-16 20:17:09,False,,,540,gmsi,156,2023-02-16 20:17:09,,,True,False,False,ModuleState,ModuleState,ModuleState
{},2023-02-16 20:18:25,False,,,541,consent,166,2023-02-16 20:18:25,2023-02-16 20:19:26,,True,True,False,ModuleState,ModuleState,ModuleState
{},2023-02-16 20:18:36,False,,,542,consent,167,2023-02-16 20:18:36,2023-02-16 20:19:06,,True,True,False,ModuleState,ModuleState,ModuleState
{},2023-02-16 20:18:43,False,,,543,consent,168,2023-02-16 20:18:43,2023-02-16 20:18:56,,True,True,False,ModuleState,ModuleState,ModuleState
{},2023-02-16 20:18:48,False,,,544,consent,169,2023-02-16 20:18:48,2023-02-16 20:19:24,,True,True,False,ModuleState,ModuleState,ModuleState
{},2023-02-16 20:18:51,False,,,545,consent,170,2023-02-16 20:18:51,2023-02-16 20:19:42,,True,True,False,ModuleState,ModuleState,ModuleState
{},2023-02-16 20:18:56,False,,,546,consent,171,2023-02-16 20:18:56,2023-02-16 20:19:02,,True,True,False,ModuleState,ModuleState,ModuleState
{},2023-02-16 20:18:58,False,,,547,consent,172,2023-02-16 20:18:58,2023-02-16 20:19:13,,True,True,False,ModuleState,ModuleState,ModuleState
{},2023-02-16 20:19:02,False,,,548,volume_calibration,168,2023-02-16 20:19:02,2023-02-16 20:19:06,,True,True,False,ModuleState,ModuleState,ModuleState
{},2023-02-16 20:19:04,False,,,549,volume_calibration,171,2023-02-16 20:19:04,,,True,False,False,ModuleState,ModuleState,ModuleState
{},2023-02-16 20:19:05,False,,,550,consent,173,2023-02-16 20:19:05,2023-02-16 20:19:21,,True,True,False,ModuleState,ModuleState,ModuleState
{},2023-02-16 20:19:07,False,,,551,consent,174,2023-02-16 20:19:07,2023-02-16 20:19:45,,True,True,False,ModuleState,ModuleState,ModuleState
{},2023-02-16 20:19:09,False,,,552,consent,175,2023-02-16 20:19:09,2023-02-16 20:19:35,,True,True,False,ModuleState,ModuleState,ModuleState
{},2023-02-16 20:19:10,False,,,554,consent,176,2023-02-16 20:19:10,2023-02-16 20:19:41,,True,True,False,ModuleState,ModuleState,ModuleState
{},2023-02-16 20:19:20,False,,,555,consent,177,2023-02-16 20:19:20,2023-02-16 20:20:11,,True,True,False,ModuleState,ModuleState,ModuleState
{},2023-02-16 20:19:26,False,,,556,volume_calibration,173,2023-02-16 20:19:26,2023-02-16 20:20:18,,True,True,False,ModuleState,ModuleState,ModuleState
{},2023-02-16 20:19:29,False,,,557,volume_calibration,169,2023-02-16 20:19:29,2023-02-16 20:19:38,,True,True,False,ModuleState,ModuleState,ModuleState
{},2023-02-16 20:19:29,False,,,558,volume_calibration,166,2023-02-16 20:19:29,2023-02-16 20:19:41,,True,True,False,ModuleState,ModuleState,ModuleState
{},2023-02-16 20:19:34,False,,,559,consent,178,2023-02-16 20:19:34,2023-02-16 20:20:28,,True,True,False,ModuleState,ModuleState,ModuleState
{},2023-02-16 20:19:44,False,,,560,volume_calibration,176,2023-02-16 20:19:44,,,True,False,False,ModuleState,ModuleState,ModuleState
{},2023-02-16 20:19:46,False,,,562,volume_calibration,170,2023-02-16 20:19:46,2023-02-16 20:20:03,,True,True,False,ModuleState,ModuleState,ModuleState
{},2023-02-16 20:19:49,False,,,563,volume_calibration,172,2023-02-16 20:19:49,,,True,False,False,ModuleState,ModuleState,ModuleState
{},2023-02-16 20:19:51,False,,,565,consent,179,2023-02-16 20:19:51,,,True,False,False,ModuleState,ModuleState,ModuleState
{},2023-02-16 20:19:52,False,,,566,consent,180,2023-02-16 20:19:52,2023-02-16 20:20:23,,True,True,False,ModuleState,ModuleState,ModuleState
{},2023-02-16 20:19:53,False,,,567,volume_calibration,174,2023-02-16 20:19:53,2023-02-16 20:20:08,,True,True,False,ModuleState,ModuleState,ModuleState
{},2023-02-16 20:19:59,False,,,568,consent,181,2023-02-16 20:19:59,2023-02-16 20:20:05,,True,True,False,ModuleState,ModuleState,ModuleState
{},2023-02-16 20:20:19,False,,,571,consent,182,2023-02-16 20:20:19,2023-02-16 20:20:47,,True,True,False,ModuleState,ModuleState,ModuleState
{},2023-02-16 20:20:27,False,,,573,volume_calibration,175,2023-02-16 20:20:27,,,True,False,False,ModuleState,ModuleState,ModuleState
{},2023-02-16 20:20:29,False,,,574,volume_calibration,180,2023-02-16 20:20:29,2023-02-16 20:20:45,,True,True,False,ModuleState,ModuleState,ModuleState
{},2023-02-16 20:20:29,False,,,575,volume_calibration,181,2023-02-16 20:20:29,2023-02-16 20:20:33,,True,True,False,ModuleState,ModuleState,ModuleState
{},2023-02-16 20:20:39,False,,,578,consent,183,2023-02-16 20:20:39,2023-02-16 20:21:07,,True,True,False,ModuleState,ModuleState,ModuleState
{},2023-02-16 20:20:44,False,,,579,consent,184,2023-02-16 20:20:44,2023-02-16 20:21:50,,True,True,False,ModuleState,ModuleState,ModuleState
{},2023-02-16 20:20:51,False,,,581,consent,185,2023-02-16 20:20:51,2023-02-16 20:21:35,,True,True,False,ModuleState,ModuleState,ModuleState
{},2023-02-16 20:20:53,False,,,582,volume_calibration,182,2023-02-16 20:20:53,,,True,False,False,ModuleState,ModuleState,ModuleState
{},2023-02-16 20:21:21,False,,,588,consent,186,2023-02-16 20:21:21,2023-02-16 20:21:40,,True,True,False,ModuleState,ModuleState,ModuleState
{},2023-02-16 20:21:34,False,,,589,volume_calibration,177,2023-02-16 20:21:34,2023-02-16 20:21:42,,True,True,False,ModuleState,ModuleState,ModuleState
{},2023-02-16 20:21:43,False,,,590,volume_calibration,186,2023-02-16 20:21:43,2023-02-16 20:21:49,,True,True,False,ModuleState,ModuleState,ModuleState
{},2023-02-16 20:21:44,False,,,591,volume_calibration,183,2023-02-16 20:21:44,2023-02-16 20:21:52,,True,True,False,ModuleState,ModuleState,ModuleState
{},2023-02-16 20:21:49,False,,,593,volume_calibration,185,2023-02-16 20:21:49,,,True,False,False,ModuleState,ModuleState,ModuleState
{},2023-02-16 20:21:53,False,,,594,volume_calibration,184,2023-02-16 20:21:53,2023-02-16 20:21:57,,True,True,False,ModuleState,ModuleState,ModuleState
{},2023-02-16 20:22:09,False,,,598,consent,187,2023-02-16 20:22:09,2023-02-16 20:22:21,,True,True,False,ModuleState,ModuleState,ModuleState
{},2023-02-16 20:22:33,False,,,600,consent,188,2023-02-16 20:22:33,2023-02-16 20:22:40,,True,True,False,ModuleState,ModuleState,ModuleState
{},2023-02-16 20:22:40,False,,,602,volume_calibration,178,2023-02-16 20:22:40,,,True,False,False,ModuleState,ModuleState,ModuleState
{},2023-02-16 20:22:47,False,,,603,volume_calibration,188,2023-02-16 20:22:47,2023-02-16 20:22:54,,True,True,False,ModuleState,ModuleState,ModuleState
{},2023-02-16 20:23:10,False,,,609,volume_calibration,187,2023-02-16 20:23:10,,,True,False,False,ModuleState,ModuleState,ModuleState
{},2023-02-16 20:24:17,False,,,611,gmsi,168,2023-02-16 20:24:17,2023-02-16 20:24:41,,True,True,False,ModuleState,ModuleState,ModuleState
{},2023-02-16 20:24:34,False,,,612,gmsi,181,2023-02-16 20:24:34,2023-02-16 20:25:06,,True,True,False,ModuleState,ModuleState,ModuleState
{},2023-02-16 20:24:56,False,,,613,consent,189,2023-02-16 20:24:56,2023-02-16 20:25:27,,True,True,False,ModuleState,ModuleState,ModuleState
{},2023-02-16 20:25:15,False,,,614,gmsi,169,2023-02-16 20:25:15,2023-02-16 20:25:52,,True,True,False,ModuleState,ModuleState,ModuleState
{},2023-02-16 20:25:31,False,,,615,volume_calibration,189,2023-02-16 20:25:31,2023-02-16 20:25:42,,True,True,False,ModuleState,ModuleState,ModuleState
{},2023-02-16 20:25:31,False,,,616,consent,190,2023-02-16 20:25:31,2023-02-16 20:25:42,,True,True,False,ModuleState,ModuleState,ModuleState
{},2023-02-16 20:26:04,False,,,618,gmsi,166,2023-02-16 20:26:04,2023-02-16 20:26:52,,True,True,False,ModuleState,ModuleState,ModuleState
{},2023-02-16 20:26:05,False,,,619,gmsi,170,2023-02-16 20:26:05,2023-02-16 20:26:58,,True,True,False,ModuleState,ModuleState,ModuleState
{},2023-02-16 20:26:13,False,,,620,gmsi,174,2023-02-16 20:26:13,2023-02-16 20:27:27,,True,True,False,ModuleState,ModuleState,ModuleState
{},2023-02-16 20:26:53,False,,,622,gmsi,177,2023-02-16 20:26:53,2023-02-16 20:27:32,,True,True,False,ModuleState,ModuleState,ModuleState
{},2023-02-16 20:27:16,False,,,623,gmsi,184,2023-02-16 20:27:16,2023-02-16 20:28:06,,True,True,False,ModuleState,ModuleState,ModuleState
{},2023-02-16 20:27:20,False,,,624,consent,191,2023-02-16 20:27:20,2023-02-16 20:27:52,,True,True,False,ModuleState,ModuleState,ModuleState
{},2023-02-16 20:27:32,False,,,625,gmsi,183,2023-02-16 20:27:32,2023-02-16 20:28:03,,True,True,False,ModuleState,ModuleState,ModuleState
{},2023-02-16 20:27:37,False,,,626,consent,192,2023-02-16 20:27:37,2023-02-16 20:27:47,,True,True,False,ModuleState,ModuleState,ModuleState
{},2023-02-16 20:27:50,False,,,627,volume_calibration,192,2023-02-16 20:27:50,,,True,False,False,ModuleState,ModuleState,ModuleState
{},2023-02-16 20:27:56,False,,,628,volume_calibration,191,2023-02-16 20:27:56,,,True,False,False,ModuleState,ModuleState,ModuleState
{},2023-02-16 20:28:28,False,,,629,gmsi,188,2023-02-16 20:28:28,2023-02-16 20:29:27,,True,True,False,ModuleState,ModuleState,ModuleState
{},2023-02-16 20:28:36,False,,,630,consent,193,2023-02-16 20:28:36,2023-02-16 20:29:04,,True,True,False,ModuleState,ModuleState,ModuleState
{},2023-02-16 20:28:40,False,,,631,gmsi,186,2023-02-16 20:28:40,2023-02-16 20:29:20,,True,True,False,ModuleState,ModuleState,ModuleState
{},2023-02-16 20:28:42,False,,,632,gmsi,180,2023-02-16 20:28:42,2023-02-16 20:29:54,,True,True,False,ModuleState,ModuleState,ModuleState
{},2023-02-16 20:28:51,False,,,633,volume_calibration,190,2023-02-16 20:28:51,,,True,False,False,ModuleState,ModuleState,ModuleState
{},2023-02-16 20:28:54,False,,,634,consent,194,2023-02-16 20:28:54,2023-02-16 20:29:16,,True,True,False,ModuleState,ModuleState,ModuleState
{},2023-02-16 20:29:08,False,,,635,volume_calibration,193,2023-02-16 20:29:08,,,True,False,False,ModuleState,ModuleState,ModuleState
{},2023-02-16 20:29:23,False,,,636,consent,195,2023-02-16 20:29:23,2023-02-16 20:30:19,,True,True,False,ModuleState,ModuleState,ModuleState
{},2023-02-16 20:29:31,False,,,637,consent,196,2023-02-16 20:29:31,2023-02-16 20:29:58,,True,True,False,ModuleState,ModuleState,ModuleState
{},2023-02-16 20:29:38,False,,,638,consent,197,2023-02-16 20:29:38,2023-02-16 20:29:57,,True,True,False,ModuleState,ModuleState,ModuleState
{},2023-02-16 20:29:39,False,,,639,consent,198,2023-02-16 20:29:39,2023-02-16 20:29:46,,True,True,False,ModuleState,ModuleState,ModuleState
{},2023-02-16 20:29:50,False,,,640,volume_calibration,198,2023-02-16 20:29:50,2023-02-16 20:29:57,,True,True,False,ModuleState,ModuleState,ModuleState
{},2023-02-16 20:30:00,False,,,641,volume_calibration,194,2023-02-16 20:30:00,2023-02-16 20:30:08,,True,True,False,ModuleState,ModuleState,ModuleState
{},2023-02-16 20:30:14,False,,,643,volume_calibration,197,2023-02-16 20:30:14,2023-02-16 20:30:24,,True,True,False,ModuleState,ModuleState,ModuleState
{},2023-02-16 20:30:22,False,,,644,volume_calibration,195,2023-02-16 20:30:22,2023-02-16 20:30:30,,True,True,False,ModuleState,ModuleState,ModuleState
{},2023-02-16 20:30:54,False,,,647,gmsi,173,2023-02-16 20:30:54,2023-02-16 20:31:59,,True,True,False,ModuleState,ModuleState,ModuleState
{},2023-02-16 20:31:34,False,,,651,consent,199,2023-02-16 20:31:34,2023-02-16 20:31:49,,True,True,False,ModuleState,ModuleState,ModuleState
{},2023-02-16 20:32:14,False,,,652,consent,200,2023-02-16 20:32:14,2023-02-16 20:32:58,,True,True,False,ModuleState,ModuleState,ModuleState
{},2023-02-16 20:32:19,False,,,654,volume_calibration,196,2023-02-16 20:32:19,2023-02-16 20:32:36,,True,True,False,ModuleState,ModuleState,ModuleState
{},2023-02-16 20:33:00,False,,,656,volume_calibration,200,2023-02-16 20:33:00,2023-02-16 20:33:05,,True,True,False,ModuleState,ModuleState,ModuleState
{},2023-02-16 20:33:07,False,,,657,consent,201,2023-02-16 20:33:07,2023-02-16 20:33:37,,True,True,False,ModuleState,ModuleState,ModuleState
{},2023-02-16 20:33:16,False,,,659,consent,202,2023-02-16 20:33:16,2023-02-16 20:34:06,,True,True,False,ModuleState,ModuleState,ModuleState
{},2023-02-16 20:33:47,False,,,661,volume_calibration,199,2023-02-16 20:33:47,,,True,False,False,ModuleState,ModuleState,ModuleState
{},2023-02-16 20:33:52,False,,,662,volume_calibration,201,2023-02-16 20:33:52,2023-02-16 20:34:00,,True,True,False,ModuleState,ModuleState,ModuleState
{},2023-02-16 20:34:57,False,,,664,volume_calibration,202,2023-02-16 20:34:57,,,True,False,False,ModuleState,ModuleState,ModuleState
{},2023-02-16 20:35:20,False,,,665,gmsi,197,2023-02-16 20:35:20,2023-02-16 20:35:48,,True,True,False,ModuleState,ModuleState,ModuleState
{},2023-02-16 20:36:00,False,,,666,gmsi,195,2023-02-16 20:36:00,2023-02-16 20:36:47,,True,True,False,ModuleState,ModuleState,ModuleState
{},2023-02-16 20:36:56,False,,,668,consent,203,2023-02-16 20:36:56,2023-02-16 20:37:28,,True,True,False,ModuleState,ModuleState,ModuleState
{},2023-02-16 20:37:39,False,,,669,volume_calibration,203,2023-02-16 20:37:39,2023-02-16 20:37:50,,True,True,False,ModuleState,ModuleState,ModuleState
{},2023-02-16 20:37:51,False,,,670,consent,204,2023-02-16 20:37:51,2023-02-16 20:37:57,,True,True,False,ModuleState,ModuleState,ModuleState
{},2023-02-16 20:38:00,False,,,672,volume_calibration,204,2023-02-16 20:38:00,2023-02-16 20:38:05,,True,True,False,ModuleState,ModuleState,ModuleState
{},2023-02-16 20:38:17,False,,,675,gmsi,196,2023-02-16 20:38:17,2023-02-16 20:39:03,,True,True,False,ModuleState,ModuleState,ModuleState
{},2023-02-16 20:38:57,False,,,676,gmsi,200,2023-02-16 20:38:57,2023-02-16 20:39:36,,True,True,False,ModuleState,ModuleState,ModuleState
{},2023-02-16 20:39:28,False,,,678,gmsi,194,2023-02-16 20:39:28,2023-02-16 20:40:37,,True,True,False,ModuleState,ModuleState,ModuleState
{},2023-02-16 20:39:33,False,,,679,consent,205,2023-02-16 20:39:33,2023-02-16 20:39:57,,True,True,False,ModuleState,ModuleState,ModuleState
{},2023-02-16 20:39:36,False,,,681,consent,206,2023-02-16 20:39:36,2023-02-16 20:40:43,,True,True,False,ModuleState,ModuleState,ModuleState
{},2023-02-16 20:39:39,False,,,682,consent,207,2023-02-16 20:39:39,2023-02-16 20:41:53,,True,True,False,ModuleState,ModuleState,ModuleState
{},2023-02-16 20:39:49,False,,,683,consent,208,2023-02-16 20:39:49,2023-02-16 20:40:43,,True,True,False,ModuleState,ModuleState,ModuleState
{},2023-02-16 20:39:59,False,,,684,consent,209,2023-02-16 20:39:59,2023-02-16 20:40:54,,True,True,False,ModuleState,ModuleState,ModuleState
{},2023-02-16 20:40:01,False,,,685,consent,210,2023-02-16 20:40:01,2023-02-16 20:40:11,,True,True,False,ModuleState,ModuleState,ModuleState
{},2023-02-16 20:40:04,False,,,686,consent,211,2023-02-16 20:40:04,2023-02-16 20:40:13,,True,True,False,ModuleState,ModuleState,ModuleState
{},2023-02-16 20:40:11,False,,,687,consent,212,2023-02-16 20:40:11,2023-02-16 20:40:40,,True,True,False,ModuleState,ModuleState,ModuleState
{},2023-02-16 20:40:12,False,,,688,consent,213,2023-02-16 20:40:12,2023-02-16 20:43:14,,True,True,False,ModuleState,ModuleState,ModuleState
{},2023-02-16 20:40:13,False,,,689,volume_calibration,210,2023-02-16 20:40:13,2023-02-16 20:40:20,,True,True,False,ModuleState,ModuleState,ModuleState
{},2023-02-16 20:40:16,False,,,690,volume_calibration,211,2023-02-16 20:40:16,2023-02-16 20:40:22,,True,True,False,ModuleState,ModuleState,ModuleState
{},2023-02-16 20:40:19,False,,,691,consent,214,2023-02-16 20:40:19,2023-02-16 20:44:56,,True,True,False,ModuleState,ModuleState,ModuleState
{},2023-02-16 20:40:38,False,,,693,consent,215,2023-02-16 20:40:38,2023-02-16 20:40:49,,True,True,False,ModuleState,ModuleState,ModuleState
{},2023-02-16 20:40:52,False,,,695,volume_calibration,212,2023-02-16 20:40:52,,,True,False,False,ModuleState,ModuleState,ModuleState
{},2023-02-16 20:40:55,False,,,696,volume_calibration,215,2023-02-16 20:40:55,,,True,False,False,ModuleState,ModuleState,ModuleState
{},2023-02-16 20:41:06,False,,,697,consent,216,2023-02-16 20:41:06,,,True,False,False,ModuleState,ModuleState,ModuleState
{},2023-02-16 20:41:26,False,,,699,volume_calibration,208,2023-02-16 20:41:26,2023-02-16 20:41:40,,True,True,False,ModuleState,ModuleState,ModuleState
{},2023-02-16 20:41:37,False,,,700,consent,217,2023-02-16 20:41:37,2023-02-16 20:41:47,,True,True,False,ModuleState,ModuleState,ModuleState
{},2023-02-16 20:41:45,False,,,701,volume_calibration,205,2023-02-16 20:41:45,,,True,False,False,ModuleState,ModuleState,ModuleState
{},2023-02-16 20:41:50,False,,,703,volume_calibration,217,2023-02-16 20:41:50,,,True,False,False,ModuleState,ModuleState,ModuleState
{},2023-02-16 20:41:57,False,,,705,volume_calibration,207,2023-02-16 20:41:57,2023-02-16 20:42:12,,True,True,False,ModuleState,ModuleState,ModuleState
{},2023-02-16 20:42:28,False,,,707,consent,218,2023-02-16 20:42:28,2023-02-16 20:43:28,,True,True,False,ModuleState,ModuleState,ModuleState
{},2023-02-16 20:42:28,False,,,708,volume_calibration,206,2023-02-16 20:42:28,2023-02-16 20:42:45,,True,True,False,ModuleState,ModuleState,ModuleState
{},2023-02-16 20:43:02,False,,,710,gmsi,203,2023-02-16 20:43:02,2023-02-16 20:43:39,,True,True,False,ModuleState,ModuleState,ModuleState
{},2023-02-16 20:43:02,False,,,712,volume_calibration,209,2023-02-16 20:43:02,2023-02-16 20:43:15,,True,True,False,ModuleState,ModuleState,ModuleState
{},2023-02-16 20:43:18,False,,,714,volume_calibration,213,2023-02-16 20:43:18,,,True,False,False,ModuleState,ModuleState,ModuleState
{},2023-02-16 20:43:33,False,,,715,volume_calibration,218,2023-02-16 20:43:33,2023-02-16 20:43:50,,True,True,False,ModuleState,ModuleState,ModuleState
{},2023-02-16 20:43:52,False,,,718,gmsi,204,2023-02-16 20:43:52,2023-02-16 20:44:29,,True,True,False,ModuleState,ModuleState,ModuleState
{},2023-02-16 20:44:31,False,,,720,consent,219,2023-02-16 20:44:31,2023-02-16 20:44:37,,True,True,False,ModuleState,ModuleState,ModuleState
{},2023-02-16 20:44:45,False,,,722,gmsi,210,2023-02-16 20:44:45,2023-02-16 20:45:26,,True,True,False,ModuleState,ModuleState,ModuleState
{},2023-02-16 20:45:13,False,,,724,volume_calibration,219,2023-02-16 20:45:13,2023-02-16 20:45:18,,True,True,False,ModuleState,ModuleState,ModuleState
{},2023-02-16 20:45:32,False,,,726,gmsi,201,2023-02-16 20:45:32,2023-02-16 20:47:20,,True,True,False,ModuleState,ModuleState,ModuleState
{},2023-02-16 20:46:01,False,,,727,gmsi,211,2023-02-16 20:46:01,2023-02-16 20:46:38,,True,True,False,ModuleState,ModuleState,ModuleState
{},2023-02-16 20:46:17,False,,,728,volume_calibration,214,2023-02-16 20:46:17,2023-02-16 20:46:33,,True,True,False,ModuleState,ModuleState,ModuleState
{},2023-02-16 20:47:59,False,,,732,gmsi,207,2023-02-16 20:47:59,2023-02-16 20:48:33,,True,True,False,ModuleState,ModuleState,ModuleState
{},2023-02-16 20:48:10,False,,,733,consent,220,2023-02-16 20:48:10,2023-02-16 20:48:48,,True,True,False,ModuleState,ModuleState,ModuleState
{},2023-02-16 20:48:12,False,,,734,gmsi,206,2023-02-16 20:48:12,2023-02-16 20:48:47,,True,True,False,ModuleState,ModuleState,ModuleState
{},2023-02-16 20:49:14,False,,,735,gmsi,209,2023-02-16 20:49:14,2023-02-16 20:50:04,,True,True,False,ModuleState,ModuleState,ModuleState
{},2023-02-16 20:50:23,False,,,736,gmsi,218,2023-02-16 20:50:23,2023-02-16 20:51:28,,True,True,False,ModuleState,ModuleState,ModuleState
{},2023-02-16 20:50:31,False,,,737,consent,221,2023-02-16 20:50:31,2023-02-16 20:50:38,,True,True,False,ModuleState,ModuleState,ModuleState
{},2023-02-16 20:50:50,False,,,738,volume_calibration,221,2023-02-16 20:50:50,2023-02-16 20:50:56,,True,True,False,ModuleState,ModuleState,ModuleState
{},2023-02-16 20:51:26,False,,,740,gmsi,219,2023-02-16 20:51:26,2023-02-16 20:52:27,,True,True,False,ModuleState,ModuleState,ModuleState
{},2023-02-16 20:52:06,False,,,742,gmsi,214,2023-02-16 20:52:06,2023-02-16 20:53:17,,True,True,False,ModuleState,ModuleState,ModuleState
{},2023-02-16 20:53:23,False,,,743,consent,222,2023-02-16 20:53:23,2023-02-16 20:54:10,,True,True,False,ModuleState,ModuleState,ModuleState
{},2023-02-16 20:53:31,False,,,744,volume_calibration,220,2023-02-16 20:53:31,2023-02-16 20:53:42,,True,True,False,ModuleState,ModuleState,ModuleState
{},2023-02-16 20:55:20,False,,,747,volume_calibration,222,2023-02-16 20:55:20,2023-02-16 20:55:42,,True,True,False,ModuleState,ModuleState,ModuleState
{},2023-02-16 20:56:00,False,,,749,gmsi,221,2023-02-16 20:56:00,2023-02-16 20:56:34,,True,True,False,ModuleState,ModuleState,ModuleState
{},2023-02-16 20:58:05,False,,,751,consent,223,2023-02-16 20:58:05,2023-02-16 20:58:17,,True,True,False,ModuleState,ModuleState,ModuleState
{},2023-02-16 20:58:11,False,,,752,consent,224,2023-02-16 20:58:11,2023-02-16 20:58:44,,True,True,False,ModuleState,ModuleState,ModuleState
{},2023-02-16 20:58:20,False,,,753,volume_calibration,223,2023-02-16 20:58:20,,,True,False,False,ModuleState,ModuleState,ModuleState
{},2023-02-16 20:58:48,False,,,754,volume_calibration,224,2023-02-16 20:58:48,2023-02-16 20:58:56,,True,True,False,ModuleState,ModuleState,ModuleState
{},2023-02-16 20:59:44,False,,,756,consent,225,2023-02-16 20:59:44,2023-02-16 21:00:05,,True,True,False,ModuleState,ModuleState,ModuleState
{},2023-02-16 21:00:15,False,,,758,gmsi,220,2023-02-16 21:00:15,2023-02-16 21:01:10,,True,True,False,ModuleState,ModuleState,ModuleState
{},2023-02-16 21:00:45,False,,,759,volume_calibration,225,2023-02-16 21:00:45,2023-02-16 21:01:01,,True,True,False,ModuleState,ModuleState,ModuleState
{},2023-02-16 21:03:38,False,,,762,gmsi,224,2023-02-16 21:03:38,2023-02-16 21:04:13,,True,True,False,ModuleState,ModuleState,ModuleState
{},2023-02-16 21:04:13,False,,,763,consent,226,2023-02-16 21:04:13,2023-02-16 21:06:56,,True,True,False,ModuleState,ModuleState,ModuleState
{},2023-02-16 21:04:21,False,,,764,gmsi,222,2023-02-16 21:04:21,2023-02-16 21:05:31,,True,True,False,ModuleState,ModuleState,ModuleState
{},2023-02-16 21:06:20,False,,,765,gmsi,225,2023-02-16 21:06:20,2023-02-16 21:07:08,,True,True,False,ModuleState,ModuleState,ModuleState
{},2023-02-16 21:06:59,False,,,766,volume_calibration,226,2023-02-16 21:06:59,,,True,False,False,ModuleState,ModuleState,ModuleState
{},2023-02-16 21:15:40,False,,,767,consent,227,2023-02-16 21:15:40,2023-02-16 21:16:22,,True,True,False,ModuleState,ModuleState,ModuleState
{},2023-02-16 21:16:25,False,,,768,volume_calibration,227,2023-02-16 21:16:25,2023-02-16 21:16:30,,True,True,False,ModuleState,ModuleState,ModuleState
{},2023-02-16 21:17:21,False,,,770,consent,228,2023-02-16 21:17:21,2023-02-16 21:17:44,,True,True,False,ModuleState,ModuleState,ModuleState
{},2023-02-16 21:18:43,False,,,771,volume_calibration,228,2023-02-16 21:18:43,,,True,False,False,ModuleState,ModuleState,ModuleState
{},2023-02-16 21:23:32,False,,,772,consent,229,2023-02-16 21:23:32,2023-02-16 21:23:58,,True,True,False,ModuleState,ModuleState,ModuleState
{},2023-02-16 21:24:01,False,,,773,volume_calibration,229,2023-02-16 21:24:01,2023-02-16 21:24:06,,True,True,False,ModuleState,ModuleState,ModuleState
{},2023-02-16 21:30:26,False,,,776,gmsi,229,2023-02-16 21:30:26,2023-02-16 21:31:10,,True,True,False,ModuleState,ModuleState,ModuleState
